game_id,datetime,phase,opening_acc,first_move,game_no
671bec4cebff4d92b90a33d3b11aeb27,2026-05-25 14:11:41+00:00,P1-minimal-tools,85.2625,e4,1
7189b28d3bd34ac7bba435bc9a4cd1e9,2026-05-25 14:14:25+00:00,P1-minimal-tools,84.1125,e4,2
5a2aff44bc374775a41fb04f3f41320b,2026-05-25 14:17:25+00:00,P1-minimal-tools,92.625,e4,3
3de2ea9b9cb1429b9e47929e234dc6dc,2026-05-25 14:20:10+00:00,P1-minimal-tools,88.9625,e4,4
a1e359de9f8d45baaf898bd8395ddf45,2026-05-25 14:22:58+00:00,P1-minimal-tools,98.125,e4,5
ee5b3b829df74ba3b0a2634cb4a14453,2026-05-25 14:30:48+00:00,P1-minimal-tools,97.875,e4,6
feb93d62caba4ff9b2870cebf7471e5f,2026-05-25 14:34:48+00:00,P1-minimal-tools,76.8375,e4,7
94a1d816ff7a4ab7b46f98376f518197,2026-05-25 14:37:12+00:00,P1-minimal-tools,82.4,e4,8
cbb4af0c60634849836097dc74e07a75,2026-05-25 14:38:37+00:00,P1-minimal-tools,94.275,e4,9
dfcb603d3e8f4d18a42820ae3ccba3fc,2026-05-25 14:45:45+00:00,P1-minimal-tools,95.175,e4,10
aeb91a825a56492cbd6e492d53c7c569,2026-05-25 14:48:09+00:00,P1-minimal-tools,96.4375,e4,11
db3cb9602af84c7bbfd46532c0f101d9,2026-05-25 14:50:18+00:00,P1-minimal-tools,98.125,e4,12
ca221ab73db7496fa76ceacefc47fd5b,2026-05-25 14:58:33+00:00,P1-minimal-tools,98.125,e4,13
4c89ad8359214d45abbc0e463225191f,2026-05-25 15:02:24+00:00,P1-minimal-tools,97.2,e4,14
12794cb7d8e04b27a03f66c70d72941e,2026-05-25 15:04:42+00:00,P1-minimal-tools,94.275,e4,15
00d78e75337d46ff9b3a2271aa39512e,2026-05-25 15:07:14+00:00,P1-minimal-tools,98.125,e4,16
deb58c3b82914df2ba005c1276de8bca,2026-05-25 15:38:49+00:00,P1-minimal-tools,92.55,e4,17
e5d0635a3bb349619872a85c1a2b76a3,2026-05-25 15:45:25+00:00,P1-minimal-tools,85.1125,e4,18
c54205e32ee0463c9990fba2f9b90bc3,2026-05-25 15:48:20+00:00,P1-minimal-tools,83.85,e4,19
aaaed4c4d6e347d19795c90e4203dd23,2026-05-25 15:50:27+00:00,P1-minimal-tools,82.225,e4,20
3decd18741474020af6b80d79b039714,2026-05-25 15:52:57+00:00,P1-minimal-tools,76.475,e4,21
ad34e166dc6b4397b46b88077c584e73,2026-05-25 15:57:18+00:00,P1-minimal-tools,98.125,e4,22
25ac963d46be425c955748e1085bcbc4,2026-05-25 15:59:27+00:00,P1-minimal-tools,91.2,e4,23
70a334158dd64ffdafaf1596240fc46d,2026-05-25 16:01:52+00:00,P1-minimal-tools,84.525,e4,24
60992f8027b54975bfc96c9cfa7cb7e7,2026-05-25 16:09:32+00:00,P1-minimal-tools,87.0,e4,25
5ae8f02c708a4fdb8e31d3b288c6da8c,2026-05-25 16:15:56+00:00,P1-minimal-tools,83.85,e4,26
55b20556bdb64c67ba3d1266ce021a6c,2026-05-26 11:47:39+00:00,P2-visualization,98.1125,e4,27
8d80e860e3394428a0d6865e1f3e10ba,2026-05-26 20:27:09+00:00,P2-visualization,76.65,e4,28
170adcc753fe4c11833b0b297667d6e6,2026-05-27 07:06:16+00:00,P2-visualization,95.925,e4,29
6e878f8d2fec405cac020f6aaa9ce567,2026-05-27 07:39:59+00:00,P2-visualization,98.1875,e4,30
680137e264894300937e8947cac557b6,2026-05-27 07:46:32+00:00,P2-visualization,95.475,e4,31
4a998507eac64ebb8353d0e15579156c,2026-05-27 07:53:52+00:00,P2-visualization,96.4875,e4,32
86819b02ba684f869d89a7d919d13e01,2026-05-27 08:03:25+00:00,P2-visualization,92.8375,e4,33
90b2dbff2f954e2bad57ac8568f32d59,2026-05-27 08:14:11+00:00,P2-visualization,96.0,e4,34
ae329501b4564da2af120980edbf6b59,2026-05-27 08:26:40+00:00,P2-visualization,98.4625,e4,35
393405fd7fe4425d9c8e3d7ea71e7b5c,2026-05-27 08:34:32+00:00,P2-visualization,95.2375,e4,36
b5856abffc4e490ba044d89b879452ab,2026-05-27 08:47:13+00:00,P2-visualization,86.2,e4,37
789d73ff8cc54ca99e3dcde72f5ac468,2026-05-27 09:06:00+00:00,P2-visualization,98.0375,e4,38
ee71c18386e14065bcc688b0575a067e,2026-05-27 09:27:31+00:00,P2-visualization,95.65,e4,39
f785059528464abeba4626d955cd0766,2026-05-27 10:23:50+00:00,P2-visualization,78.5375,e4,40
7f1270e45f5742fb995b6d5a157440ac,2026-05-27 10:35:58+00:00,P2-visualization,91.95,e4,41
214644909dac4113921f1f1cddae1bd7,2026-05-27 10:59:03+00:00,P2-visualization,92.2375,e4,42
dd95b600ebde4bd2944e99ac60d2bb21,2026-05-27 11:14:15+00:00,P2-visualization,90.725,e4,43
f2bb1846fe9b41248a43344c82df69ce,2026-05-27 21:02:54+00:00,P2-visualization,92.0125,e4,44
bd19acef10824afb802fd7dbe44c5417,2026-05-27 21:14:02+00:00,P2-visualization,96.825,e4,45
a06ec361dda24147b17fece359459089,2026-05-27 21:34:21+00:00,P2-visualization,97.05,e4,46
bde660f3fa8c475b937ec9118931f4b7,2026-05-27 21:42:22+00:00,P2-visualization,99.4,e4,47
81d2c671f0b54dd69671e62f408c9094,2026-05-27 21:53:08+00:00,P2-visualization,84.4625,e4,48
f9de649b8c7a4cf58706386d3ae1cc9f,2026-05-27 22:13:22+00:00,P2-visualization,90.9,e4,49
f97ecff5a61b464785d3147e85747a2f,2026-05-27 22:23:49+00:00,P2-visualization,97.15,e4,50
a9b051dacf684f02a734212d05d5d7f5,2026-05-27 22:34:31+00:00,P2-visualization,95.675,e4,51
72aa5cfc77534f5d8dd2a9d974daac18,2026-05-27 22:54:25+00:00,P2-visualization,97.5625,e4,52
c323f571b55b48c890832cc3f1f57683,2026-05-27 23:01:12+00:00,P2-visualization,98.0125,e4,53
46e92576a0424c9781b71238fe7e3821,2026-05-27 23:18:28+00:00,P2-visualization,96.65,e4,54
a5bf9f5c4ecb49eb8a8795fa4ebf9598,2026-05-27 23:23:05+00:00,P2-visualization,96.1625,e4,55
3aea2f43c23446cb802b2293f6e6fbb6,2026-06-12 14:11:13+00:00,P3-mating-blunders,89.3625,e4,56
9b0d7590cd574d89bb587ff452447bd2,2026-06-15 07:30:24+00:00,P3-mating-blunders,92.3125,e4,57
c94fbef5cdf64367abe962f8c4fd402f,2026-06-15 07:56:25+00:00,P3-mating-blunders,71.4875,e4,58
1b3e94c0c98c4454a9155135d0b57b24,2026-06-15 09:41:03+00:00,P3-mating-blunders,87.5625,e4,59
d9a0fba241c94a4dbd512c9d763d9f68,2026-06-15 20:35:24+00:00,P3-mating-blunders,91.9125,e4,60
bf4e1dd77e18496098d83e3fd707ef44,2026-06-15 21:17:45+00:00,P3-mating-blunders,93.4625,e4,61
62e9b58d18ba45f5af809fbbc27862d2,2026-06-20 14:39:29+00:00,P3-mating-blunders,85.8625,e4,62
ad9b71c379434c15a44398603968bd32,2026-06-20 14:53:07+00:00,P3-mating-blunders,89.4125,e4,63
bbc406c9569946d1a2026d8b92cd65aa,2026-06-21 21:26:55+00:00,P3-mating-blunders,83.6875,e4,64
d655d178c7d64bc6862a8f3ef6ddde6b,2026-06-21 21:36:42+00:00,P3-mating-blunders,96.275,e4,65
57085b341c564ec69df25855c852c842,2026-06-21 21:46:15+00:00,P3-mating-blunders,90.85,e4,66
8f8d08d4d2b5416d94aa4642d5c9bedb,2026-06-21 21:56:14+00:00,P3-mating-blunders,96.95,e4,67
cfb1b24b305c47c4b0e384fd18afbb6e,2026-06-21 22:20:21+00:00,P3-mating-blunders,92.9875,e4,68
1cf90811adab4331980ad9be0f60bc8f,2026-06-21 22:28:15+00:00,P3-mating-blunders,98.3,e4,69
1d7e7e1a643c49df8bf396e989530a8c,2026-06-21 22:34:19+00:00,P3-mating-blunders,95.4125,e4,70
da591796435548e7a36f1a61749908fa,2026-06-21 22:48:29+00:00,P3-mating-blunders,93.4,e4,71
cc0c15da7a234e59ab4052406f095c35,2026-06-21 22:58:36+00:00,P3-mating-blunders,90.0125,e4,72
1ed13cac90a54305a86821e40cbaa0fd,2026-06-21 23:05:29+00:00,P3-mating-blunders,87.3125,e4,73
e374c2a155f04852ba2d92049dea1783,2026-06-21 23:10:26+00:00,P3-mating-blunders,90.9375,e4,74
22e3300341694e8da29bf1df9a7bed49,2026-06-21 23:21:57+00:00,P3-mating-blunders,96.8375,e4,75
cee79bb3c9284380b568f70a7c69b797,2026-06-21 23:34:09+00:00,P3-mating-blunders,97.8125,e4,76
54cf8260f0e1423c991493d95dae74a0,2026-06-21 23:38:52+00:00,P3-mating-blunders,94.875,e4,77
50f30c8e8c39454c920e8431cd46565c,2026-06-21 23:55:15+00:00,P3-mating-blunders,94.675,e4,78
74aebf7233584111b9f51733de92937c,2026-06-22 08:44:15+00:00,P3-mating-blunders,87.6625,e4,79
b63ecababe3c402b88b2c2853ee985a8,2026-06-22 08:51:59+00:00,P3-mating-blunders,84.625,e4,80
6c029ee0d95a42d8bfcca9437d72ee0e,2026-06-22 09:05:39+00:00,P3-mating-blunders,85.4,e4,81
12b0ea6a75634564bae9d21d74cd79bf,2026-06-22 09:17:01+00:00,P3-mating-blunders,85.5875,e4,82
433c5e9817b04a1a9e92c23838836550,2026-06-22 09:31:33+00:00,P3-mating-blunders,84.15,e4,83
64f63f210c0148c7825f6fd28acb4c2a,2026-06-22 09:51:57+00:00,P3-mating-blunders,84.65,e4,84
bb11189c4d7448aa829744324d1bf1c4,2026-06-22 09:58:53+00:00,P3-mating-blunders,93.1875,e4,85
257379549b7544c0befd681d98d5c543,2026-06-22 10:03:48+00:00,P3-mating-blunders,94.9,e4,86
97a0893d1c914d4d91b4c2e1f033509e,2026-06-22 10:22:19+00:00,P3-mating-blunders,91.0875,e4,87
adc91ea5981f4ad99dfc2b89e7837369,2026-06-22 10:31:15+00:00,P3-mating-blunders,97.275,e4,88
230a53d9bf2149b6bd4f2d125bf51196,2026-06-22 21:47:20+00:00,P3-mating-blunders,94.55,e4,89
a8792bdeccf0483f80e36e5b0c4555ca,2026-06-22 22:22:44+00:00,P3-mating-blunders,94.425,e4,90
05b5db07975945a5b1ef884c223b7222,2026-06-22 22:33:22+00:00,P3-mating-blunders,90.15,e4,91
19acd96c45f24671bd4b81db38160790,2026-06-22 22:57:43+00:00,P3-mating-blunders,79.15,e4,92
d5a41e17f6674ab6a550aabbba36e415,2026-06-23 01:21:31+00:00,P3-mating-blunders,96.4625,e4,93
79a5d9c7af1d43e787666a5d307ce152,2026-06-23 01:27:51+00:00,P3-mating-blunders,96.4625,e4,94
78b0439ec83446bca5f936c27dd9a918,2026-06-23 01:32:49+00:00,P3-mating-blunders,93.4625,e4,95
ca87333dbd9145219bc76a01b351692f,2026-06-23 01:40:19+00:00,P3-mating-blunders,96.4625,e4,96
9a14bde7b1b34ccf91f8022bd6049f9f,2026-06-23 01:47:29+00:00,P3-mating-blunders,93.4625,e4,97
673b7dc5566949b7a2e35c386d9fac76,2026-06-23 02:01:05+00:00,P3-mating-blunders,96.4625,e4,98
2304502cfe684b44b981ac6d42b16e46,2026-06-23 02:08:24+00:00,P3-mating-blunders,96.4625,e4,99
d50bae3209f04e4eb7dc7e1705757da8,2026-06-23 02:14:57+00:00,P3-mating-blunders,93.4625,e4,100
354354dea67a4fa7a02bbedb261ba882,2026-06-23 07:19:53+00:00,P3-mating-blunders,93.3375,e4,101
face523344e14518bb77232a05b4fcf9,2026-06-23 07:31:39+00:00,P3-mating-blunders,98.6625,e4,102
4df3fbf413194ef78c2c5dcb630f676c,2026-06-23 07:43:38+00:00,P3-mating-blunders,92.725,e4,103
3e83ce50a9a745b5bc7f4d8d998951ec,2026-06-23 07:48:12+00:00,P3-mating-blunders,79.875,e4,104
eb5e0bd49f494dfa808f7a23f2ed597f,2026-06-23 08:47:09+00:00,P3-mating-blunders,88.0125,e4,105
a8723c977f1844e8bff4d9bb24026623,2026-06-23 09:01:21+00:00,P3-mating-blunders,98.675,e4,106
f1a9382acadb4694acb958abf07d5ebb,2026-06-23 09:08:24+00:00,P3-mating-blunders,90.425,e4,107
30cff1dc243444b49a1be39d57c6cc38,2026-06-23 09:26:29+00:00,P3-mating-blunders,89.6,e4,108
1fc5f9cbbaf549018977bdd9c09b5bac,2026-06-23 09:37:58+00:00,P3-mating-blunders,94.9,e4,109
92121573d0cb4339aec26ef9a5ac9293,2026-06-23 09:51:07+00:00,P3-mating-blunders,94.425,e4,110
cab790db979146de80c5e0879e578cc6,2026-06-23 10:02:28+00:00,P3-mating-blunders,97.9375,e4,111
63ed394b59c848b286baf27e0e4ffdd0,2026-06-23 10:15:42+00:00,P3-mating-blunders,98.65,e4,112
46e558b485454d8ea7f813b6d26f6803,2026-06-23 10:27:27+00:00,P3-mating-blunders,85.4875,e4,113
a736e53f65d1494ca492532985d60822,2026-06-23 10:49:13+00:00,P3-mating-blunders,90.125,e4,114
4129d2eee72a43e2b2207563c2f46d6b,2026-06-23 11:03:02+00:00,P3-mating-blunders,92.15,e4,115
fbd350963e994267bab1e3742ec5e4c2,2026-06-23 11:13:23+00:00,P3-mating-blunders,98.8,e4,116
3cc18727829b402892eb15aa629247e8,2026-06-23 11:22:07+00:00,P3-mating-blunders,90.2375,e4,117
d71e59ac6a074f589141882342cfab8a,2026-06-23 11:43:48+00:00,P3-mating-blunders,91.1375,e4,118
3dfcc9c01764490cbc2594ace6d32855,2026-06-23 11:55:14+00:00,P3-mating-blunders,94.875,e4,119
547bd4a610034131936a0be3608b2e39,2026-06-23 12:00:58+00:00,P3-mating-blunders,96.1875,e4,120
d7f15693fc894d4ea382c83c71f48f55,2026-06-23 12:14:09+00:00,P3-mating-blunders,78.15,e4,121
9c4b0de9bcf54d88b1011f8074514836,2026-06-23 12:20:00+00:00,P3-mating-blunders,99.35,e4,122
8f6506151dce4f238cef163badd21152,2026-06-23 12:30:40+00:00,P3-mating-blunders,91.3875,e4,123
9093df7cc430411382ec4d4215aa3d4a,2026-06-23 12:45:04+00:00,P3-mating-blunders,90.8375,e4,124
e40c8d1674c04f01aae9879e2baf395a,2026-06-23 12:55:54+00:00,P3-mating-blunders,97.8625,e4,125
3233802098014a5d9d3283778be117a3,2026-06-23 13:06:56+00:00,P3-mating-blunders,98.35,e4,126
88e90f4059094b6482be3bdc49244bec,2026-06-23 13:19:49+00:00,P3-mating-blunders,94.875,e4,127
80a0e42c0afa421d929a7399adc32563,2026-06-23 13:27:35+00:00,P3-mating-blunders,94.6125,e4,128
541a090850d34a29817fce076a3de607,2026-06-23 13:38:12+00:00,P3-mating-blunders,98.35,e4,129
877c796ecd0640fc885ed3a5b373afb7,2026-06-23 13:47:13+00:00,P3-mating-blunders,88.6875,e4,130
a557302d58184349adc81bf7685575d2,2026-06-23 14:15:24+00:00,P3-mating-blunders,93.8875,e4,131
7a7fb0d8a1784ca48dc10796f653d816,2026-06-23 14:38:18+00:00,P3-mating-blunders,88.8375,e4,132
1d546705728143baae828965e0f91d8a,2026-06-23 14:51:51+00:00,P3-mating-blunders,93.875,e4,133
23f1eaf17bc042069c3ea01e9a14e157,2026-06-23 15:04:58+00:00,P3-mating-blunders,88.3,e4,134
70a04c813e33481f82213c524672f79a,2026-06-23 15:17:24+00:00,P3-mating-blunders,97.2125,e4,135
7287aed75582411c8a17f15419f35d9e,2026-06-23 15:33:52+00:00,P3-mating-blunders,97.5625,e4,136
f501d94d12724b6aa43a45b5c2754829,2026-06-23 15:45:53+00:00,P3-mating-blunders,84.5,e4,137
21a80e66a3f841069c10fe6e024bdf01,2026-06-23 16:07:20+00:00,P3-mating-blunders,95.2875,e4,138
abeeb9aa2a00403fb202748b75e1391f,2026-06-24 09:00:58+00:00,P4-autonomous-loop,97.1,e4,139
d56f8ab5b9324844880854be9585d634,2026-06-30 12:59:20+00:00,P4-autonomous-loop,88.25,e4,140
93f47672f0fc4d4db19fc520ff74fe42,2026-06-30 13:06:42+00:00,P4-autonomous-loop,86.35,e4,141
00e2dd5e3f9c43aabc240437ae0e78e2,2026-06-30 13:16:08+00:00,P4-autonomous-loop,82.425,e4,142
7b850d026c1342d4951374267e9f2950,2026-06-30 13:26:13+00:00,P4-autonomous-loop,88.25,e4,143
ea000ded93904544b293ccb8c158f7c4,2026-06-30 13:31:41+00:00,P4-autonomous-loop,93.4625,e4,144
773c12e2dd964ec5ad3c774f331967d8,2026-06-30 13:43:20+00:00,P4-autonomous-loop,90.6125,e4,145
6fd92274a89f40c9a675e4f671af87b9,2026-06-30 13:49:51+00:00,P4-autonomous-loop,93.4625,e4,146
39e88c6256874a5bbe3bec7a2395c456,2026-06-30 13:59:40+00:00,P4-autonomous-loop,76.9125,e4,147
fd76a1b136484ecebd6f2928cf55beec,2026-06-30 14:12:01+00:00,P4-autonomous-loop,81.925,e4,148
a3e57e901bd94673b974971d46b8aad4,2026-06-30 15:10:44+00:00,P4-autonomous-loop,95.3625,d4,149
aba2972063e24e77b642d94b3156f59e,2026-06-30 15:53:48+00:00,P4-autonomous-loop,92.4875,d4,150
61a8035b9edd48bcb110e222fea71102,2026-06-30 16:02:43+00:00,P4-autonomous-loop,94.8375,d4,151
0524f877fa034c399baf15040e58c71a,2026-06-30 16:24:24+00:00,P4-autonomous-loop,91.15,d4,152
06f02819965f4025a2aecd13b1871b1f,2026-06-30 16:42:38+00:00,P4-autonomous-loop,92.4875,d4,153
0b1e5e619f564bb9a90fe94a8684fd32,2026-06-30 16:49:07+00:00,P4-autonomous-loop,96.1375,d4,154
3baf10dbab4544eb8b59e6664bc05d7c,2026-06-30 17:01:17+00:00,P4-autonomous-loop,88.1375,d4,155
1426d68cf142483da381399fdd6b599e,2026-06-30 17:11:27+00:00,P4-autonomous-loop,97.2625,d4,156
75b0fe5b8c934774a31c11579f2a9833,2026-06-30 17:32:09+00:00,P4-autonomous-loop,90.3125,d4,157
f8a73e273b5e447c90ad33de8faa95af,2026-06-30 17:46:40+00:00,P4-autonomous-loop,86.7125,d4,158
80aee653c9484dd2ba32d4a3447ca2e0,2026-06-30 17:58:45+00:00,P4-autonomous-loop,96.0875,d4,159
ccbab071b8f14a6a80d482842182a536,2026-06-30 18:05:52+00:00,P4-autonomous-loop,96.0875,d4,160
275e881049ab43778fe063a85b3e18c9,2026-06-30 18:15:32+00:00,P4-autonomous-loop,97.0375,d4,161
95f7a9d5547d403e87275dbcbc86e46c,2026-06-30 18:24:02+00:00,P4-autonomous-loop,96.0875,d4,162
962f9da3032a4ef989ffa4173a2df710,2026-06-30 18:35:07+00:00,P4-autonomous-loop,96.0875,d4,163
93ca064185a440f788dcd95cb4174d2e,2026-06-30 18:42:07+00:00,P4-autonomous-loop,95.0375,d4,164
e819703ec8094205a5b0122f2337c164,2026-06-30 18:51:46+00:00,P4-autonomous-loop,95.0375,d4,165
3f477d4c0c8643d89b120364a0ca3f04,2026-06-30 19:01:25+00:00,P4-autonomous-loop,96.0875,d4,166
d05f80c735f84a1d86106f1f8188e241,2026-06-30 19:09:43+00:00,P4-autonomous-loop,96.0875,d4,167
ee558e997d1e4ffa9673c00924e4bd4d,2026-06-30 19:20:59+00:00,P4-autonomous-loop,96.0875,d4,168
606398dcccf044aa8543a3b41aae32c1,2026-07-01 07:21:10+00:00,P4-autonomous-loop,94.4625,d4,169
24151cebfca541b999e65441ed46bcba,2026-07-01 07:25:12+00:00,P4-autonomous-loop,94.3875,d4,170
e0c741770c8447d5909911059fd7fe5a,2026-07-01 07:28:27+00:00,P4-autonomous-loop,85.7875,d4,171
582e56ca46854793bab041e40a13d7d5,2026-07-01 07:31:46+00:00,P4-autonomous-loop,96.7375,d4,172
2f5af27804a64a2890d613af9df57294,2026-07-01 07:35:20+00:00,P4-autonomous-loop,93.85,d4,173
0b9008f0054a4f6cb52fcb1311f4b9d5,2026-07-01 07:38:25+00:00,P4-autonomous-loop,97.0,d4,174
5b49e26fc17f4d798bcb447d095b5146,2026-07-01 07:41:56+00:00,P4-autonomous-loop,95.9125,d4,175
4c2f4f839e1442a9a889ac5972b9b70c,2026-07-01 07:46:29+00:00,P4-autonomous-loop,94.325,d4,176
7ab62786c4274a97a8bf98f48616fd4c,2026-07-01 07:50:05+00:00,P4-autonomous-loop,95.6875,d4,177
3b77543fe7ad42bdbd19aa243d5d3d26,2026-07-01 07:53:13+00:00,P4-autonomous-loop,96.8875,d4,178
62e8d167c1ef4757bee66ac7d484fc6e,2026-07-01 07:56:01+00:00,P4-autonomous-loop,96.0875,d4,179
4632949634d84eec843e975ddd5bd35b,2026-07-01 07:58:58+00:00,P4-autonomous-loop,96.0875,d4,180
d778f70fb465440dbb55ec1e5648f3c2,2026-07-01 08:01:53+00:00,P4-autonomous-loop,96.0875,d4,181
0a7d3008e7894303bc655f57911e713a,2026-07-01 08:04:22+00:00,P4-autonomous-loop,96.0875,d4,182
8734ed467c614f28ac6b4c15d8d9456d,2026-07-01 08:07:35+00:00,P4-autonomous-loop,96.0875,d4,183
688888548c8747f78013c8e0c558e0a0,2026-07-01 08:10:34+00:00,P4-autonomous-loop,96.275,d4,184
a714896f690840b58ec6c833c80878f7,2026-07-01 08:13:56+00:00,P4-autonomous-loop,96.275,d4,185
e79e66e0dea6489d8674889bc92a2183,2026-07-01 08:17:17+00:00,P4-autonomous-loop,96.275,d4,186
79f72c70cd72461d8b7911fef7cad058,2026-07-01 08:20:32+00:00,P4-autonomous-loop,96.275,d4,187
fd4752c76e164b84be5d38c7f55e2dd9,2026-07-01 12:51:35+00:00,P4-autonomous-loop,94.4375,d4,188
56b9d42dba764b42abe926cd435290bc,2026-07-01 12:56:19+00:00,P4-autonomous-loop,94.775,d4,189
d06642985410452895427630a4d631cc,2026-07-01 13:00:16+00:00,P4-autonomous-loop,95.675,d4,190
2cda3f6965b0489196a80aae29277f57,2026-07-01 13:03:56+00:00,P4-autonomous-loop,96.45,d4,191
1cc512cec5434cbbb0f6d26940038935,2026-07-01 13:08:04+00:00,P4-autonomous-loop,93.95,d4,192
f99aa02fcdcc4ad5bdac617619e4ac20,2026-07-01 13:11:35+00:00,P4-autonomous-loop,96.4,d4,193
b6b58819d9694d449a47c88b4d57e29a,2026-07-01 13:14:36+00:00,P4-autonomous-loop,94.15,d4,194
396f648d9f3e4e0b8a4712b8bf7d8d7e,2026-07-01 13:18:02+00:00,P4-autonomous-loop,96.1125,d4,195
1705bcb5f7254be6b88c654fddeb366a,2026-07-01 13:21:13+00:00,P4-autonomous-loop,92.3125,d4,196
5166674ad94445fd992680f5503a9d73,2026-07-01 13:24:29+00:00,P4-autonomous-loop,93.05,d4,197
8918ba9c834d47b78ea478d5bdf62319,2026-07-01 13:27:25+00:00,P4-autonomous-loop,96.0875,d4,198
6cd5ec1750c943d6ac3e22e647624e2f,2026-07-01 13:30:07+00:00,P4-autonomous-loop,96.0875,d4,199
2e60598edc764022b852ce3596d726ab,2026-07-01 13:33:16+00:00,P4-autonomous-loop,96.0875,d4,200
c2c611e59dd342a9994ea0d7f4efe9ae,2026-07-01 13:36:20+00:00,P4-autonomous-loop,96.0875,d4,201
03029ef574c14d0f8be3b55023013753,2026-07-01 13:39:15+00:00,P4-autonomous-loop,96.0875,d4,202
45af4fa7c4a24c8f81019ac1ecc8c729,2026-07-01 13:42:27+00:00,P4-autonomous-loop,96.275,d4,203
1d259700639c43e3b7c2f6a73f730078,2026-07-01 13:48:48+00:00,P4-autonomous-loop,96.275,d4,204
0a9db1ea75fe47999636564b2c2f255e,2026-07-01 13:52:04+00:00,P4-autonomous-loop,96.275,d4,205
45a22e6a014e491ab80e2afdd744d9e5,2026-07-01 13:55:15+00:00,P4-autonomous-loop,96.275,d4,206
48f7fdbf2bb14783aad7a08e488119ad,2026-07-01 14:29:28+00:00,P4-autonomous-loop,96.575,d4,207
4706821b8c8c4e94ab653fa262c593ad,2026-07-01 14:33:10+00:00,P4-autonomous-loop,94.975,d4,208
ae6b318980234959b4de4e958c244a7c,2026-07-01 14:36:17+00:00,P4-autonomous-loop,94.8875,d4,209
b9515af4fb794804944aee0eb9c27947,2026-07-01 14:39:47+00:00,P4-autonomous-loop,94.6375,d4,210
5473224bbd184ab9af8009316b647874,2026-07-01 14:43:38+00:00,P4-autonomous-loop,94.225,d4,211
35326a7aaf544adfa4622175bb29e389,2026-07-01 14:47:15+00:00,P4-autonomous-loop,94.775,d4,212
b79a42802f144483984dcd2e37936e71,2026-07-01 14:50:40+00:00,P4-autonomous-loop,96.8875,d4,213
66a11719b81d4c588fa260a0556ca318,2026-07-01 14:53:54+00:00,P4-autonomous-loop,91.75,d4,214
0e165aa3fb4f4704a273995012f251b2,2026-07-01 14:57:06+00:00,P4-autonomous-loop,95.625,d4,215
270ccf3acc4940888bf19dcc64bb89f3,2026-07-01 15:00:58+00:00,P4-autonomous-loop,91.975,d4,216
82776745e79d4e29acd60c37210470b4,2026-07-01 15:04:06+00:00,P4-autonomous-loop,96.0875,d4,217
f83879ef816144398d8693263211096f,2026-07-01 15:07:02+00:00,P4-autonomous-loop,96.0875,d4,218
31d95a0598254ef5873f0cdfb95e05ad,2026-07-01 15:10:11+00:00,P4-autonomous-loop,96.0875,d4,219
da5019f0eef54f84b51eb73c9de64ade,2026-07-01 15:13:28+00:00,P4-autonomous-loop,96.0875,d4,220
af9ddc4f35e34c818a0fa5286bb2dc88,2026-07-01 15:16:31+00:00,P4-autonomous-loop,96.0875,d4,221
80087d6aff024464a400d56d57c38395,2026-07-01 15:20:02+00:00,P4-autonomous-loop,96.275,d4,222
4f7e802fa1654933b876859d69d088a4,2026-07-01 15:23:31+00:00,P4-autonomous-loop,96.275,d4,223
82d6a02aa2f84a519b6debbdcb1665f9,2026-07-01 15:26:42+00:00,P4-autonomous-loop,96.275,d4,224
60bb5ded89a144858f0a70061cdf7350,2026-07-01 15:30:08+00:00,P4-autonomous-loop,96.275,d4,225
e01ea0f921394e3ea8bd5d353873317b,2026-07-01 15:33:47+00:00,P4-autonomous-loop,96.275,d4,226
cee031de0c45408fabfc9a3ea107a9c4,2026-07-01 20:14:26+00:00,P4-autonomous-loop,95.425,d4,227
deea164d96aa4628a53eff20cc6824b3,2026-07-01 20:29:27+00:00,P4-autonomous-loop,81.475,d4,228
9cbc773d09644cd7baf7ec700b50838a,2026-07-01 20:39:47+00:00,P4-autonomous-loop,96.05,d4,229
c6d7caeb0bda4dd385d3a3b8c4a36fc1,2026-07-01 22:09:19+00:00,P4-autonomous-loop,96.3625,d4,230
d27e5d2fc9c74f5f99fa304680ee85be,2026-07-01 22:19:01+00:00,P4-autonomous-loop,88.1375,d4,231
ab59ad055a7a4450af5dc32830eb6742,2026-07-01 22:40:24+00:00,P4-autonomous-loop,95.925,d4,232
3edb8f0028c74256b0f88eb936378caa,2026-07-01 22:54:50+00:00,P4-autonomous-loop,92.4375,d4,233
72813a073b5248c09749661c9367a72c,2026-07-01 23:08:01+00:00,P4-autonomous-loop,89.275,d4,234
9af5c252368e455b8cf906ef511d500a,2026-07-01 23:24:16+00:00,P4-autonomous-loop,96.5625,d4,235
35e18d89c0fc4da191680e8df581969c,2026-07-01 23:33:00+00:00,P4-autonomous-loop,97.6,d4,236
aad4a099a2544c5ba683147416d1eec0,2026-07-01 23:46:09+00:00,P4-autonomous-loop,93.65,d4,237
c6c0c6f84b324205be10fee4cbc915c9,2026-07-02 00:03:13+00:00,P4-autonomous-loop,94.9125,d4,238
d591da3ae7874d68b9119c4be7bac2f2,2026-07-02 09:39:17+00:00,P4-autonomous-loop,95.8625,d4,239
9d671e1df17c4612bd7c8712fa077ae5,2026-07-02 10:07:11+00:00,P4-autonomous-loop,94.3875,d4,240
9b501f2e9d344e8ca7fac5b65a315dcb,2026-07-02 10:21:12+00:00,P4-autonomous-loop,92.3625,d4,241
84a148a4d0a94776b44926613e93c933,2026-07-02 10:29:31+00:00,P4-autonomous-loop,87.0125,d4,242
553445be74e54926bb2ddc244a103f1b,2026-07-02 10:39:22+00:00,P4-autonomous-loop,96.1125,d4,243
7a92cd25f3d1491ba47f4e652f05112a,2026-07-02 10:52:51+00:00,P4-autonomous-loop,94.75,d4,244
d6753675807e4b90ac54afeda7ff9909,2026-07-02 11:02:51+00:00,P4-autonomous-loop,94.3875,d4,245
55c4096c0d0c4a7cb5e9e93b29623e48,2026-07-02 11:20:00+00:00,P4-autonomous-loop,94.7375,d4,246
a7129c9ca56640b492fff126b3c129e5,2026-07-02 11:36:04+00:00,P4-autonomous-loop,94.8875,d4,247
cf6293fc0e694e03b2a7e02c1a52d17e,2026-07-02 11:57:28+00:00,P4-autonomous-loop,90.8625,d4,248
2358c121ff834c4a838a954134c8b72a,2026-07-02 12:08:21+00:00,P4-autonomous-loop,93.775,d4,249
579ddcec81ca45f686182b4e9e0212ee,2026-07-02 12:22:04+00:00,P4-autonomous-loop,90.575,d4,250
cbe33cef6c73405887f36ca7c1485235,2026-07-02 12:34:56+00:00,P4-autonomous-loop,93.2375,d4,251
812a37c4f45a40abbad2ba6c70b5f3ec,2026-07-02 12:46:49+00:00,P4-autonomous-loop,95.8625,d4,252
3c32703763fe484096f7609475d3d52f,2026-07-02 13:15:13+00:00,P4-autonomous-loop,94.875,d4,253
2621478bd6fe45d1888fb09852a4f695,2026-07-02 15:28:05+00:00,P4-autonomous-loop,95.5125,d4,254
475ad1d311cb4fd69b7a5f48db4ef541,2026-07-02 15:43:55+00:00,P4-autonomous-loop,91.8,d4,255
923b64735ceb46609a49760385fa545a,2026-07-02 16:00:18+00:00,P4-autonomous-loop,95.8875,d4,256
c4ce23c034ba4ddc9595a0b775ce1720,2026-07-02 16:19:16+00:00,P4-autonomous-loop,93.125,d4,257
7f8176af46634f34a9e0be125e7fd0af,2026-07-02 16:31:20+00:00,P4-autonomous-loop,96.6,d4,258
1b0954e926264ffcb25eb3e52fc3101b,2026-07-02 16:46:09+00:00,P4-autonomous-loop,96.275,d4,259
5af4ddd890954abba9cc75feda215c45,2026-07-02 16:54:16+00:00,P4-autonomous-loop,93.85,d4,260
23adc370da1546ab915ff0e71f6d5bf3,2026-07-02 17:09:23+00:00,P4-autonomous-loop,91.1875,d4,261
f5c09c1e2a4a43deadeacad79207349d,2026-07-02 17:25:22+00:00,P4-autonomous-loop,92.85,d4,262
d02026dad1264b87a697b74da1aa20e6,2026-07-02 17:37:50+00:00,P4-autonomous-loop,91.1625,d4,263
1a7317ac4d6f4dd9b2ba2874a1dded9f,2026-07-02 17:55:13+00:00,P4-autonomous-loop,94.9875,d4,264
0c010163fe5d4559ade2893d9667fa3f,2026-07-02 18:15:27+00:00,P4-autonomous-loop,94.5625,d4,265
3b7cfec1737a4dd280ee36b55d2927ed,2026-07-02 18:30:27+00:00,P4-autonomous-loop,96.5125,d4,266
bee48dfd1b37479f9069f47e67410394,2026-07-02 18:43:08+00:00,P4-autonomous-loop,95.5375,d4,267
674f48591a7c4102a516584daafc2607,2026-07-02 18:52:01+00:00,P4-autonomous-loop,90.5625,d4,268
3252a3d1666e4302b52a53931274cdaf,2026-07-02 19:09:26+00:00,P4-autonomous-loop,97.1,d4,269
9eddc039c9e74cc4bdc9a9b7dca08202,2026-07-02 19:27:21+00:00,P4-autonomous-loop,96.6,d4,270
a4797715ad7048959330ba1800f624d2,2026-07-02 19:49:06+00:00,P4-autonomous-loop,90.575,d4,271
71fcb809a0574495b645f3a95f20d8c6,2026-07-02 20:05:53+00:00,P4-autonomous-loop,92.525,d4,272
0aa3b741f0d94f69a4a329f0e49066ec,2026-07-02 20:24:56+00:00,P4-autonomous-loop,96.4,d4,273
d307e4a2df40471093020a006a4dd04f,2026-07-02 20:46:45+00:00,P4-autonomous-loop,80.35,d4,274
652aca85a08a4a828f93c393787efa61,2026-07-02 20:56:52+00:00,P4-autonomous-loop,96.5,d4,275
ccab4cdb7c734e09b498e0d3e832d5b3,2026-07-02 21:10:32+00:00,P4-autonomous-loop,95.7375,d4,276
7616a7804ae04a308b2d7e6c41367e31,2026-07-02 21:27:44+00:00,P4-autonomous-loop,86.8875,d4,277
c6135b75d5ba439bad6de2fbd052fdba,2026-07-02 21:48:12+00:00,P4-autonomous-loop,92.0125,d4,278
2906d401b8024a2d8769709ee0317a2d,2026-07-02 22:18:11+00:00,P4-autonomous-loop,93.5875,d4,279
960972b804274c5eb00ac4e9ae7c4b3c,2026-07-02 22:36:14+00:00,P4-autonomous-loop,95.775,d4,280
e47de502252444b89b3e8daac6346ffd,2026-07-02 22:47:12+00:00,P4-autonomous-loop,83.5875,d4,281
dc27ed4b2f82432bb077d42d5f77a6b7,2026-07-02 23:43:46+00:00,P4-autonomous-loop,90.05,d4,282
f9564023f1b249c7838c9c398bdfcfb2,2026-07-02 23:52:31+00:00,P4-autonomous-loop,95.625,d4,283
9d83b9c3634c4c65907e5ae2cc2c25a2,2026-07-03 00:00:57+00:00,P4-autonomous-loop,91.3875,d4,284
8f7ef29efe964f68b1e46840b92f94d9,2026-07-03 00:16:42+00:00,P4-autonomous-loop,96.9,d4,285
4877c9009fb74045a4f46fd8a94a4d14,2026-07-03 00:23:56+00:00,P4-autonomous-loop,94.1375,d4,286
a2f0bb48fc764ec79e949d4b65df7fd0,2026-07-03 00:39:26+00:00,P4-autonomous-loop,91.5125,d4,287
08fd1a0d614d404b91d475cd0056590c,2026-07-03 00:58:28+00:00,P4-autonomous-loop,92.4,d4,288
d74cf0873b5240d7a7647ef6c11c89e1,2026-07-03 01:11:34+00:00,P4-autonomous-loop,92.4,d4,289
cf272d663bfd402685fff0907f65a8d1,2026-07-03 01:30:41+00:00,P4-autonomous-loop,91.0625,d4,290
4ed167b392d243e08839eb0553131693,2026-07-03 01:41:05+00:00,P4-autonomous-loop,96.05,d4,291
ac26f3fd91d64262a6098907766773c5,2026-07-03 10:14:26+00:00,P4-autonomous-loop,86.625,d4,292
a16fc3780019429b8d6c6cbe3e933d01,2026-07-03 10:47:10+00:00,P4-autonomous-loop,89.55,d4,293
4ac6dafdb88d43ccb4814374caa95f17,2026-07-03 11:00:20+00:00,P4-autonomous-loop,92.8875,d4,294
d32faf3150b149b7a77efa5a20d0847d,2026-07-03 11:14:07+00:00,P4-autonomous-loop,86.8625,d4,295
51a146afff6e4d95b91b526cf7f62893,2026-07-03 11:23:19+00:00,P4-autonomous-loop,89.8125,d4,296
a4a39719ac0d43feb22a009ffdfff995,2026-07-03 11:36:47+00:00,P4-autonomous-loop,92.5875,d4,297
9ffb59cafb95457e9cc1c3eca873852d,2026-07-03 11:59:52+00:00,P4-autonomous-loop,95.275,d4,298
7e32c2335b5a43ffac7db618f4aeb9db,2026-07-03 12:16:29+00:00,P4-autonomous-loop,93.875,d4,299
0ab0ddf071c8496f82869f747d9a966b,2026-07-03 12:28:29+00:00,P4-autonomous-loop,85.8,d4,300
ac0b4448afe1497cb9b0ce9b126dfaa6,2026-07-03 12:51:56+00:00,P4-autonomous-loop,86.2625,d4,301
e0462fe9befb420e9fb8551832a6d742,2026-07-03 13:02:57+00:00,P4-autonomous-loop,96.3625,d4,302
25f29d98781c4c1fabcb3d4964029f3c,2026-07-03 13:58:39+00:00,P4-autonomous-loop,94.975,d4,303
c0119f058523445e940e07161d1191b6,2026-07-03 14:10:13+00:00,P4-autonomous-loop,93.325,d4,304
cd55f43ebcf74a8587d3e2ca1cdbfabf,2026-07-03 14:22:44+00:00,P4-autonomous-loop,93.5375,d4,305
c36cb96f60b247ebafc04587614f1a1e,2026-07-03 14:49:00+00:00,P4-autonomous-loop,96.1125,d4,306
c973e05c02e5402fa389b449a3f3e122,2026-07-03 15:11:03+00:00,P4-autonomous-loop,96.1125,d4,307
29ab2127ba9e483196ed0ab118fcabe6,2026-07-03 15:27:55+00:00,P4-autonomous-loop,93.9,d4,308
7f5c1998297248a3a4bc3e0e9d776731,2026-07-03 15:43:10+00:00,P4-autonomous-loop,88.6125,d4,309
0b0455e4ef764309add38f604912fe9e,2026-07-03 15:58:26+00:00,P4-autonomous-loop,95.6,d4,310
f2612c658f4c4385b88a260a0b56e0cb,2026-07-03 16:08:41+00:00,P4-autonomous-loop,97.6375,d4,311
3645dee85f17475a923a56010e86d65c,2026-07-03 16:25:01+00:00,P4-autonomous-loop,93.05,d4,312
5f88a0209a004200a4f41e721efd930b,2026-07-03 16:41:40+00:00,P4-autonomous-loop,85.2,d4,313
a2946d23688045499f75e0e0245175d5,2026-07-03 16:56:38+00:00,P4-autonomous-loop,87.775,d4,314
3d9d6467eaa444e8ab23d9c9b0b44f1f,2026-07-03 17:05:25+00:00,P4-autonomous-loop,94.5375,d4,315
dc2b0f9f3e604b689ae4e546368bb651,2026-07-03 17:23:44+00:00,P4-autonomous-loop,94.9875,d4,316
33f66de7764d47a9befeb0b3f1ead5cd,2026-07-03 17:32:24+00:00,P4-autonomous-loop,92.8375,d4,317
4a856a8423084b3bae3348c44184a642,2026-07-03 17:43:03+00:00,P4-autonomous-loop,96.05,d4,318
14d82edd93324813b4083a0aac0ab980,2026-07-03 18:09:48+00:00,P4-autonomous-loop,94.1375,d4,319
3c700185df13480aa0ca2b36c5c9d917,2026-07-03 18:21:08+00:00,P4-autonomous-loop,96.7375,d4,320
4d57d3d8e9464b94ae0d0cd2bf2f7ae1,2026-07-03 18:44:47+00:00,P4-autonomous-loop,94.9875,d4,321
3efa64f20e9c4cf09fa3de0b96c7fafa,2026-07-03 19:02:47+00:00,P4-autonomous-loop,94.625,d4,322
41c61f3d92414c1ea8fad37d786c9402,2026-07-03 19:09:22+00:00,P4-autonomous-loop,94.9625,d4,323
73b05735abbb4c2488042e575193e508,2026-07-03 19:16:33+00:00,P4-autonomous-loop,94.9875,d4,324
6cfae3b056ae42b586aeee5fec635c50,2026-07-03 19:34:37+00:00,P4-autonomous-loop,91.35,d4,325
6be6be4479134ce4b7e3a79caa5f1052,2026-07-03 19:49:55+00:00,P4-autonomous-loop,96.5375,d4,326
78e84142ca564993a7f602e49266e639,2026-07-03 20:08:58+00:00,P4-autonomous-loop,93.4875,d4,327
7cbdf7fcf1fc4145abdcecbe2226f855,2026-07-03 20:19:34+00:00,P4-autonomous-loop,82.9375,d4,328
9ef5b4965e6a41a8b8d528b6d16494d6,2026-07-03 20:28:23+00:00,P4-autonomous-loop,91.95,d4,329
73685c11d1dc47bc94fe4b9093d570eb,2026-07-03 20:46:07+00:00,P4-autonomous-loop,95.15,d4,330
633c82d162aa4f83aa82c7089e51390d,2026-07-03 21:02:57+00:00,P4-autonomous-loop,79.225,d4,331
8d8ac6b5832442a2856b8824bf0783ea,2026-07-03 21:21:26+00:00,P4-autonomous-loop,88.6625,d4,332
d4aff6a484764e118b9737c14388814d,2026-07-03 21:39:52+00:00,P4-autonomous-loop,87.0,d4,333
933fc40f46aa486e999dc8c66fd71e29,2026-07-03 21:55:08+00:00,P4-autonomous-loop,91.7,d4,334
5acc1740ea3048009e60a26caeac84bc,2026-07-03 22:12:45+00:00,P4-autonomous-loop,86.125,d4,335
c43ff7f151e047d6a5e99c0df51c6896,2026-07-03 23:05:37+00:00,P4-autonomous-loop,94.975,d4,336
5b3395547cfa4f64b62e0c48ccf4f423,2026-07-03 23:29:23+00:00,P4-autonomous-loop,91.1625,d4,337
d232b9428a44460c810f5f52d1275789,2026-07-03 23:39:24+00:00,P4-autonomous-loop,97.35,d4,338
68be733c81674e60a237b002b4708c89,2026-07-03 23:59:21+00:00,P4-autonomous-loop,89.1125,d4,339
1921e0b3464442b6a8997c2805064544,2026-07-04 00:16:59+00:00,P4-autonomous-loop,97.1,d4,340
7516a9d895ef4c0cabf943c6c95a7554,2026-07-04 10:46:10+00:00,P4-autonomous-loop,91.5875,d4,341
205773139e144d9597e66f310375c038,2026-07-04 11:02:16+00:00,P4-autonomous-loop,84.5875,d4,342
f44f5623f6f949b0a2ccb0cef7b40a30,2026-07-04 11:17:12+00:00,P4-autonomous-loop,96.675,d4,343
12ce23fd2ed643e39b9ab7283155dc61,2026-07-04 11:28:10+00:00,P4-autonomous-loop,95.1375,d4,344
e493b08baad54ed3847dd9e4ec513fb2,2026-07-04 11:45:38+00:00,P4-autonomous-loop,91.0625,d4,345
1ca3c5e13c2f456bbfaf4972142b2caa,2026-07-04 11:57:29+00:00,P4-autonomous-loop,92.5125,d4,346
3c1f6662956c409b9e789c1160a0873e,2026-07-04 12:14:19+00:00,P4-autonomous-loop,83.7375,d4,347
7c6c30e3c2f049e6aeac61d5147e399d,2026-07-04 12:37:15+00:00,P4-autonomous-loop,93.6625,d4,348
ab4dce25b8e641abb7fc8b2247b3f894,2026-07-04 13:17:57+00:00,P4-autonomous-loop,96.8875,d4,349
27419c45e04e41c2be295a2e6f85e7cc,2026-07-04 15:27:33+00:00,P4-autonomous-loop,95.5625,d4,350
dde04db549b34b44a1967c71df320c80,2026-07-04 15:44:20+00:00,P4-autonomous-loop,90.125,d4,351
5bdb7e5e47e148a795feb75e23c6e814,2026-07-04 15:56:00+00:00,P4-autonomous-loop,95.6875,d4,352
d2e4a51b6b23426ea564c20a7c4dcb0b,2026-07-04 16:12:05+00:00,P4-autonomous-loop,96.475,d4,353
9a438042135a499ba905fa8ab7bc6d4e,2026-07-04 16:26:22+00:00,P4-autonomous-loop,96.65,d4,354
d94c08e380454747b8e3ec4a3dd75ec6,2026-07-04 16:39:56+00:00,P4-autonomous-loop,96.1125,d4,355
e123466b66d7409c94ad1c1673828095,2026-07-04 16:53:19+00:00,P4-autonomous-loop,81.6375,d4,356
8160c542394f4ca38db5baa4765770d4,2026-07-04 17:05:36+00:00,P4-autonomous-loop,97.325,d4,357
482222abe30c41bbbf9fd913eb2ebddc,2026-07-04 17:34:33+00:00,P4-autonomous-loop,80.7875,d4,358
5fcac78b987040249496270083575f7e,2026-07-04 19:54:16+00:00,P4-autonomous-loop,87.925,d4,359
effb1d0d11c84f34a2df49b2ee23995b,2026-07-04 20:14:14+00:00,P4-autonomous-loop,94.9,d4,360
d5bb5d77d5bb4f78a3c6b2c88d1c3806,2026-07-04 20:30:32+00:00,P4-autonomous-loop,96.1125,d4,361
9692fbe7158f4af4b265f6e6346362cf,2026-07-04 20:52:41+00:00,P4-autonomous-loop,93.35,d4,362
ec56af1583fe4005a5bbb04500c7cb5a,2026-07-04 21:02:01+00:00,P4-autonomous-loop,95.175,d4,363
