date,commit,pages,words
2026-06-02,3f7a51e0,11,1972
2026-06-10,06829aae,23,16551
2026-06-11,d441bd43,31,19712
2026-06-12,0857f36b,31,19999
2026-06-13,03e867d6,31,20178
2026-06-14,328bfb90,31,20699
2026-06-15,f9b2375d,31,20931
2026-06-17,38e54d84,49,30486
2026-06-18,423d77e8,49,31019
2026-06-19,2ef74796,49,31205
2026-06-20,4bef7a63,51,32645
2026-06-24,4cdbbb38,84,101266
2026-06-25,30d1e975,85,102069
2026-06-26,2eb82cb3,86,102593
2026-06-30,d9234397,91,105408
2026-07-02,467ffec4,102,115553
