game_id,batch_id,batch_name,datetime,phase,branch,white_type,black_type,opponent,opponent_elo,result,aborted_reason,elo_before,elo_after,model,temperature,agent_log_path,analysis_path,pr_number
671bec4cebff4d92b90a33d3b11aeb27,00fc5cce16514522b42053be0e43eed4,elo calibration,2026-05-25T14:11:41Z,ranked,main,agent,chesscom,chesscom-1200,1200,0-1,,1200.0,1180.0,google/gemma-4-31B-it,1.0,baseline/671bec4cebff4d92b90a33d3b11aeb27_agent.json,,
7189b28d3bd34ac7bba435bc9a4cd1e9,00fc5cce16514522b42053be0e43eed4,elo calibration,2026-05-25T14:14:25Z,ranked,main,agent,chesscom,chesscom-1100,1100,0-1,,1180.0,1155.5,google/gemma-4-31B-it,1.0,baseline/7189b28d3bd34ac7bba435bc9a4cd1e9_agent.json,,
5a2aff44bc374775a41fb04f3f41320b,00fc5cce16514522b42053be0e43eed4,elo calibration,2026-05-25T14:17:25Z,ranked,main,agent,chesscom,chesscom-1000,1000,0-1,,1155.5,1127.1,google/gemma-4-31B-it,1.0,baseline/5a2aff44bc374775a41fb04f3f41320b_agent.json,,
3de2ea9b9cb1429b9e47929e234dc6dc,00fc5cce16514522b42053be0e43eed4,elo calibration,2026-05-25T14:20:10Z,ranked,main,agent,chesscom,chesscom-700,700,0-1,,1127.1,1090.2,google/gemma-4-31B-it,1.0,baseline/3de2ea9b9cb1429b9e47929e234dc6dc_agent.json,,
a1e359de9f8d45baaf898bd8395ddf45,00fc5cce16514522b42053be0e43eed4,elo calibration,2026-05-25T14:22:58Z,ranked,main,agent,chesscom,chesscom-700,700,0-1,,1090.2,1054.1,google/gemma-4-31B-it,1.0,baseline/a1e359de9f8d45baaf898bd8395ddf45_agent.json,,
ee5b3b829df74ba3b0a2634cb4a14453,00fc5cce16514522b42053be0e43eed4,elo calibration,2026-05-25T14:30:48Z,ranked,main,agent,chesscom,chesscom-700,700,0-1,,1054.1,1018.7,google/gemma-4-31B-it,1.0,baseline/ee5b3b829df74ba3b0a2634cb4a14453_agent.json,,
feb93d62caba4ff9b2870cebf7471e5f,00fc5cce16514522b42053be0e43eed4,elo calibration,2026-05-25T14:34:48Z,ranked,main,agent,chesscom,chesscom-700,700,0-1,,1018.7,984.2,google/gemma-4-31B-it,1.0,baseline/feb93d62caba4ff9b2870cebf7471e5f_agent.json,,
94a1d816ff7a4ab7b46f98376f518197,00fc5cce16514522b42053be0e43eed4,elo calibration,2026-05-25T14:37:12Z,ranked,main,agent,chesscom,chesscom-700,700,0-1,,984.2,950.7,google/gemma-4-31B-it,1.0,baseline/94a1d816ff7a4ab7b46f98376f518197_agent.json,,
cbb4af0c60634849836097dc74e07a75,00fc5cce16514522b42053be0e43eed4,elo calibration,2026-05-25T14:38:37Z,ranked,main,agent,chesscom,chesscom-700,700,0-1,,950.7,918.3,google/gemma-4-31B-it,1.0,baseline/cbb4af0c60634849836097dc74e07a75_agent.json,,
dfcb603d3e8f4d18a42820ae3ccba3fc,00fc5cce16514522b42053be0e43eed4,elo calibration,2026-05-25T14:45:45Z,ranked,main,agent,chesscom,chesscom-700,700,1/2-1/2,,918.3,907.2,google/gemma-4-31B-it,1.0,baseline/dfcb603d3e8f4d18a42820ae3ccba3fc_agent.json,,
aeb91a825a56492cbd6e492d53c7c569,00fc5cce16514522b42053be0e43eed4,elo calibration,2026-05-25T14:48:09Z,ranked,main,agent,chesscom,chesscom-700,700,0-1,,907.2,876.5,google/gemma-4-31B-it,1.0,baseline/aeb91a825a56492cbd6e492d53c7c569_agent.json,,
db3cb9602af84c7bbfd46532c0f101d9,00fc5cce16514522b42053be0e43eed4,elo calibration,2026-05-25T14:50:18Z,ranked,main,agent,chesscom,chesscom-700,700,0-1,,876.5,847.1,google/gemma-4-31B-it,1.0,baseline/db3cb9602af84c7bbfd46532c0f101d9_agent.json,,
ca221ab73db7496fa76ceacefc47fd5b,00fc5cce16514522b42053be0e43eed4,elo calibration,2026-05-25T14:58:33Z,ranked,main,agent,chesscom,chesscom-700,700,1/2-1/2,,847.1,839.1,google/gemma-4-31B-it,1.0,baseline/ca221ab73db7496fa76ceacefc47fd5b_agent.json,,
4c89ad8359214d45abbc0e463225191f,00fc5cce16514522b42053be0e43eed4,elo calibration,2026-05-25T15:02:24Z,ranked,main,agent,chesscom,chesscom-700,700,0-1,,839.1,811.5,google/gemma-4-31B-it,1.0,baseline/4c89ad8359214d45abbc0e463225191f_agent.json,,
12794cb7d8e04b27a03f66c70d72941e,00fc5cce16514522b42053be0e43eed4,elo calibration,2026-05-25T15:04:42Z,ranked,main,agent,chesscom,chesscom-700,700,0-1,,811.5,785.3,google/gemma-4-31B-it,1.0,baseline/12794cb7d8e04b27a03f66c70d72941e_agent.json,,
00d78e75337d46ff9b3a2271aa39512e,00fc5cce16514522b42053be0e43eed4,elo calibration,2026-05-25T15:07:14Z,ranked,main,agent,chesscom,chesscom-700,700,0-1,,785.3,772.9,google/gemma-4-31B-it,1.0,baseline/00d78e75337d46ff9b3a2271aa39512e_agent.json,,
deb58c3b82914df2ba005c1276de8bca,9563c3c1b22448d68e07de5eeb17e94c,elo calibration,2026-05-25T15:38:49Z,ranked,main,agent,chesscom,chesscom-700,700,1/2-1/2,,772.9,770.9,google/gemma-4-31B-it,1.0,baseline/deb58c3b82914df2ba005c1276de8bca_agent.json,,
e5d0635a3bb349619872a85c1a2b76a3,9563c3c1b22448d68e07de5eeb17e94c,elo calibration,2026-05-25T15:45:25Z,ranked,main,agent,chesscom,chesscom-700,700,0-1,,770.9,758.8,google/gemma-4-31B-it,1.0,baseline/e5d0635a3bb349619872a85c1a2b76a3_agent.json,,
c54205e32ee0463c9990fba2f9b90bc3,9563c3c1b22448d68e07de5eeb17e94c,elo calibration,2026-05-25T15:48:20Z,ranked,main,agent,chesscom,chesscom-700,700,0-1,,758.8,747.2,google/gemma-4-31B-it,1.0,baseline/c54205e32ee0463c9990fba2f9b90bc3_agent.json,,
aaaed4c4d6e347d19795c90e4203dd23,9563c3c1b22448d68e07de5eeb17e94c,elo calibration,2026-05-25T15:50:27Z,ranked,main,agent,chesscom,chesscom-700,700,0-1,,747.2,735.8,google/gemma-4-31B-it,1.0,baseline/aaaed4c4d6e347d19795c90e4203dd23_agent.json,,
3decd18741474020af6b80d79b039714,9563c3c1b22448d68e07de5eeb17e94c,elo calibration,2026-05-25T15:52:57Z,ranked,main,agent,chesscom,chesscom-700,700,0-1,,735.8,724.8,google/gemma-4-31B-it,1.0,baseline/3decd18741474020af6b80d79b039714_agent.json,,
ad34e166dc6b4397b46b88077c584e73,9563c3c1b22448d68e07de5eeb17e94c,elo calibration,2026-05-25T15:57:18Z,ranked,main,agent,chesscom,chesscom-700,700,0-1,,724.8,714.1,google/gemma-4-31B-it,1.0,baseline/ad34e166dc6b4397b46b88077c584e73_agent.json,,
25ac963d46be425c955748e1085bcbc4,9563c3c1b22448d68e07de5eeb17e94c,elo calibration,2026-05-25T15:59:27Z,ranked,main,agent,chesscom,chesscom-700,700,0-1,,714.1,703.7,google/gemma-4-31B-it,1.0,baseline/25ac963d46be425c955748e1085bcbc4_agent.json,,
70a334158dd64ffdafaf1596240fc46d,9563c3c1b22448d68e07de5eeb17e94c,elo calibration,2026-05-25T16:01:52Z,ranked,main,agent,chesscom,chesscom-700,700,0-1,,703.7,693.6,google/gemma-4-31B-it,1.0,baseline/70a334158dd64ffdafaf1596240fc46d_agent.json,,
60992f8027b54975bfc96c9cfa7cb7e7,9563c3c1b22448d68e07de5eeb17e94c,elo calibration,2026-05-25T16:09:32Z,ranked,main,agent,chesscom,chesscom-700,700,0-1,,693.6,683.7,google/gemma-4-31B-it,1.0,baseline/60992f8027b54975bfc96c9cfa7cb7e7_agent.json,,
5ae8f02c708a4fdb8e31d3b288c6da8c,9563c3c1b22448d68e07de5eeb17e94c,elo calibration,2026-05-25T16:15:56Z,ranked,main,agent,chesscom,chesscom-700,700,1/2-1/2,,683.7,684.2,google/gemma-4-31B-it,1.0,baseline/5ae8f02c708a4fdb8e31d3b288c6da8c_agent.json,,
8d80e860e3394428a0d6865e1f3e10ba,19c68d6748404768abcb1c1a783bbf4c,elo calibration,2026-05-26T20:27:09Z,ranked,main,agent,chesscom,chesscom-700,700,1-0,,684.2,694.7,google/gemma-4-31B-it,1.0,visualization-and-context-management/015_8d80e860e3394428a0d6865e1f3e10ba_agent.json,,1
170adcc753fe4c11833b0b297667d6e6,678d8fd0fbc2493dbd935dc821d269d4,elo calibration,2026-05-27T07:06:16Z,ranked,main,agent,chesscom,chesscom-850,850,1/2-1/2,,694.7,698.9,google/gemma-4-31B-it,1.0,visualization-and-context-management/017_170adcc753fe4c11833b0b297667d6e6_agent.json,,1
6e878f8d2fec405cac020f6aaa9ce567,2d979218e4df4d0596928911a76d705e,elo calibration,2026-05-27T07:39:59Z,ranked,main,agent,chesscom,chesscom-700,700,1-0,,698.9,708.9,google/gemma-4-31B-it,1.0,visualization-and-context-management/019_6e878f8d2fec405cac020f6aaa9ce567_agent.json,,1
680137e264894300937e8947cac557b6,8d8b0b3567d0418688925f375ece619b,elo calibration,2026-05-27T07:46:32Z,ranked,main,agent,chesscom,chesscom-850,850,0-1,,708.9,702.8,google/gemma-4-31B-it,1.0,visualization-and-context-management/020_680137e264894300937e8947cac557b6_agent.json,,1
4a998507eac64ebb8353d0e15579156c,8d8b0b3567d0418688925f375ece619b,elo calibration,2026-05-27T07:53:52Z,ranked,main,agent,chesscom,chesscom-700,700,1-0,,702.8,712.7,google/gemma-4-31B-it,1.0,visualization-and-context-management/021_4a998507eac64ebb8353d0e15579156c_agent.json,,1
86819b02ba684f869d89a7d919d13e01,8d8b0b3567d0418688925f375ece619b,elo calibration,2026-05-27T08:03:25Z,ranked,main,agent,chesscom,chesscom-850,850,1-0,,712.7,726.4,google/gemma-4-31B-it,1.0,visualization-and-context-management/022_86819b02ba684f869d89a7d919d13e01_agent.json,,1
90b2dbff2f954e2bad57ac8568f32d59,8d8b0b3567d0418688925f375ece619b,elo calibration,2026-05-27T08:14:11Z,ranked,main,agent,chesscom,chesscom-850,850,0-1,,726.4,719.8,google/gemma-4-31B-it,1.0,visualization-and-context-management/023_90b2dbff2f954e2bad57ac8568f32d59_agent.json,,1
ae329501b4564da2af120980edbf6b59,8d8b0b3567d0418688925f375ece619b,elo calibration,2026-05-27T08:26:40Z,ranked,main,agent,chesscom,chesscom-700,700,0-1,,719.8,709.3,google/gemma-4-31B-it,1.0,visualization-and-context-management/024_ae329501b4564da2af120980edbf6b59_agent.json,,1
393405fd7fe4425d9c8e3d7ea71e7b5c,8d8b0b3567d0418688925f375ece619b,elo calibration,2026-05-27T08:34:32Z,ranked,main,agent,chesscom,chesscom-700,700,1-0,,709.3,719.0,google/gemma-4-31B-it,1.0,visualization-and-context-management/025_393405fd7fe4425d9c8e3d7ea71e7b5c_agent.json,,1
b5856abffc4e490ba044d89b879452ab,8d8b0b3567d0418688925f375ece619b,elo calibration,2026-05-27T08:47:13Z,ranked,main,agent,chesscom,chesscom-850,850,1-0,,719.0,732.6,google/gemma-4-31B-it,1.0,visualization-and-context-management/026_b5856abffc4e490ba044d89b879452ab_agent.json,,1
789d73ff8cc54ca99e3dcde72f5ac468,8d8b0b3567d0418688925f375ece619b,elo calibration,2026-05-27T09:06:00Z,ranked,main,agent,chesscom,chesscom-850,850,1-0,,732.6,745.9,google/gemma-4-31B-it,1.0,visualization-and-context-management/027_789d73ff8cc54ca99e3dcde72f5ac468_agent.json,,1
ee71c18386e14065bcc688b0575a067e,8d8b0b3567d0418688925f375ece619b,elo calibration,2026-05-27T09:27:31Z,ranked,main,agent,chesscom,chesscom-850,850,1-0,,745.9,758.8,google/gemma-4-31B-it,1.0,visualization-and-context-management/028_ee71c18386e14065bcc688b0575a067e_agent.json,,1
f785059528464abeba4626d955cd0766,5a03b5ed40b3434c95517d5b9c21b39c,elo calibration,2026-05-27T10:23:50Z,ranked,main,agent,chesscom,chesscom-850,850,1-0,,758.8,771.3,google/gemma-4-31B-it,1.0,visualization-and-context-management/030_f785059528464abeba4626d955cd0766_agent.json,,1
7f1270e45f5742fb995b6d5a157440ac,5a03b5ed40b3434c95517d5b9c21b39c,elo calibration,2026-05-27T10:35:58Z,ranked,main,agent,chesscom,chesscom-850,850,1-0,,771.3,783.6,google/gemma-4-31B-it,1.0,visualization-and-context-management/031_7f1270e45f5742fb995b6d5a157440ac_agent.json,,1
214644909dac4113921f1f1cddae1bd7,5a03b5ed40b3434c95517d5b9c21b39c,elo calibration,2026-05-27T10:59:03Z,ranked,main,agent,chesscom,chesscom-1000,1000,1/2-1/2,,783.6,789.1,google/gemma-4-31B-it,1.0,visualization-and-context-management/032_214644909dac4113921f1f1cddae1bd7_agent.json,,1
dd95b600ebde4bd2944e99ac60d2bb21,5a03b5ed40b3434c95517d5b9c21b39c,elo calibration,2026-05-27T11:14:15Z,ranked,main,agent,chesscom,chesscom-1000,1000,1/2-1/2,,789.1,794.5,google/gemma-4-31B-it,1.0,visualization-and-context-management/033_dd95b600ebde4bd2944e99ac60d2bb21_agent.json,,1
bd19acef10824afb802fd7dbe44c5417,4cebd762e42b4cefab742e30f96676f3,elo calibration,2026-05-27T21:14:02Z,ranked,main,agent,chesscom,chesscom-1000,1000,1-0,,794.5,809.8,google/gemma-4-31B-it,1.0,visualization-and-context-management/042_bd19acef10824afb802fd7dbe44c5417_agent.json,,1
a06ec361dda24147b17fece359459089,5743f3b74f0c41eea02b81c763b81d2d,elo calibration,2026-05-27T21:34:21Z,ranked,main,agent,chesscom,chesscom-1000,1000,0-1,,809.8,804.8,google/gemma-4-31B-it,1.0,visualization-and-context-management/044_a06ec361dda24147b17fece359459089_agent.json,,1
bde660f3fa8c475b937ec9118931f4b7,5743f3b74f0c41eea02b81c763b81d2d,elo calibration,2026-05-27T21:42:22Z,ranked,main,agent,chesscom,chesscom-700,700,1-0,,804.8,811.9,google/gemma-4-31B-it,1.0,visualization-and-context-management/045_bde660f3fa8c475b937ec9118931f4b7_agent.json,,1
81d2c671f0b54dd69671e62f408c9094,5743f3b74f0c41eea02b81c763b81d2d,elo calibration,2026-05-27T21:53:08Z,ranked,main,agent,chesscom,chesscom-1000,1000,0-1,,811.9,806.8,google/gemma-4-31B-it,1.0,visualization-and-context-management/046_81d2c671f0b54dd69671e62f408c9094_agent.json,,1
f9de649b8c7a4cf58706386d3ae1cc9f,5743f3b74f0c41eea02b81c763b81d2d,elo calibration,2026-05-27T22:13:22Z,ranked,main,agent,chesscom,chesscom-700,700,1/2-1/2,,806.8,803.8,google/gemma-4-31B-it,1.0,visualization-and-context-management/047_f9de649b8c7a4cf58706386d3ae1cc9f_agent.json,,1
f97ecff5a61b464785d3147e85747a2f,5743f3b74f0c41eea02b81c763b81d2d,elo calibration,2026-05-27T22:23:49Z,ranked,main,agent,chesscom,chesscom-850,850,0-1,,803.8,795.2,google/gemma-4-31B-it,1.0,visualization-and-context-management/048_f97ecff5a61b464785d3147e85747a2f_agent.json,,1
a9b051dacf684f02a734212d05d5d7f5,5743f3b74f0c41eea02b81c763b81d2d,elo calibration,2026-05-27T22:34:31Z,ranked,main,agent,chesscom,chesscom-700,700,1-0,,795.2,802.5,google/gemma-4-31B-it,1.0,visualization-and-context-management/049_a9b051dacf684f02a734212d05d5d7f5_agent.json,,1
72aa5cfc77534f5d8dd2a9d974daac18,5743f3b74f0c41eea02b81c763b81d2d,elo calibration,2026-05-27T22:54:25Z,ranked,main,agent,chesscom,chesscom-1000,1000,1/2-1/2,,802.5,807.6,google/gemma-4-31B-it,1.0,visualization-and-context-management/050_72aa5cfc77534f5d8dd2a9d974daac18_agent.json,,1
c323f571b55b48c890832cc3f1f57683,5743f3b74f0c41eea02b81c763b81d2d,elo calibration,2026-05-27T23:01:12Z,ranked,main,agent,chesscom,chesscom-850,850,0-1,,807.6,798.8,google/gemma-4-31B-it,1.0,visualization-and-context-management/051_c323f571b55b48c890832cc3f1f57683_agent.json,,1
46e92576a0424c9781b71238fe7e3821,5743f3b74f0c41eea02b81c763b81d2d,elo calibration,2026-05-27T23:18:28Z,ranked,main,agent,chesscom,chesscom-700,700,0-1,,798.8,786.1,google/gemma-4-31B-it,1.0,visualization-and-context-management/052_46e92576a0424c9781b71238fe7e3821_agent.json,,1
a5bf9f5c4ecb49eb8a8795fa4ebf9598,5743f3b74f0c41eea02b81c763b81d2d,elo calibration,2026-05-27T23:23:05Z,ranked,main,agent,chesscom,chesscom-700,700,1-0,,786.1,793.6,google/gemma-4-31B-it,1.0,visualization-and-context-management/053_a5bf9f5c4ecb49eb8a8795fa4ebf9598_agent.json,,1
eb5e0bd49f494dfa808f7a23f2ed597f,fd6fd8ec97f94efabbcc0f957163f3fe,elo calibration,2026-06-23T08:47:09Z,ranked,main,agent,chesscom,chesscom-850,850,1-0,,793.6,805.3,google/gemma-4-31B-it,1.0,chess-mate-conversion-and-driver-fixes/138_eb5e0bd49f494dfa808f7a23f2ed597f_agent.json,,4
a8723c977f1844e8bff4d9bb24026623,fd6fd8ec97f94efabbcc0f957163f3fe,elo calibration,2026-06-23T09:01:21Z,ranked,main,agent,chesscom,chesscom-850,850,1-0,,805.3,816.5,google/gemma-4-31B-it,1.0,chess-mate-conversion-and-driver-fixes/290_a8723c977f1844e8bff4d9bb24026623_agent.json,,4
f1a9382acadb4694acb958abf07d5ebb,fd6fd8ec97f94efabbcc0f957163f3fe,elo calibration,2026-06-23T09:08:24Z,ranked,main,agent,chesscom,chesscom-850,850,1-0,,816.5,827.5,google/gemma-4-31B-it,1.0,chess-mate-conversion-and-driver-fixes/354_f1a9382acadb4694acb958abf07d5ebb_agent.json,,4
30cff1dc243444b49a1be39d57c6cc38,fd6fd8ec97f94efabbcc0f957163f3fe,elo calibration,2026-06-23T09:26:29Z,ranked,main,agent,chesscom,chesscom-850,850,1-0,,827.5,838.1,google/gemma-4-31B-it,1.0,chess-mate-conversion-and-driver-fixes/534_30cff1dc243444b49a1be39d57c6cc38_agent.json,,4
1fc5f9cbbaf549018977bdd9c09b5bac,fd6fd8ec97f94efabbcc0f957163f3fe,elo calibration,2026-06-23T09:37:58Z,ranked,main,agent,chesscom,chesscom-850,850,1-0,,838.1,848.5,google/gemma-4-31B-it,1.0,chess-mate-conversion-and-driver-fixes/640_1fc5f9cbbaf549018977bdd9c09b5bac_agent.json,,4
92121573d0cb4339aec26ef9a5ac9293,fd6fd8ec97f94efabbcc0f957163f3fe,elo calibration,2026-06-23T09:51:07Z,ranked,main,agent,chesscom,chesscom-850,850,1-0,,848.5,858.5,google/gemma-4-31B-it,1.0,chess-mate-conversion-and-driver-fixes/762_92121573d0cb4339aec26ef9a5ac9293_agent.json,,4
cab790db979146de80c5e0879e578cc6,fd6fd8ec97f94efabbcc0f957163f3fe,elo calibration,2026-06-23T10:02:28Z,ranked,main,agent,chesscom,chesscom-850,850,1-0,,858.5,868.3,google/gemma-4-31B-it,1.0,chess-mate-conversion-and-driver-fixes/870_cab790db979146de80c5e0879e578cc6_agent.json,,4
63ed394b59c848b286baf27e0e4ffdd0,fd6fd8ec97f94efabbcc0f957163f3fe,elo calibration,2026-06-23T10:15:42Z,ranked,main,agent,chesscom,chesscom-850,850,1-0,,868.3,877.8,google/gemma-4-31B-it,1.0,chess-mate-conversion-and-driver-fixes/1000_63ed394b59c848b286baf27e0e4ffdd0_agent.json,,4
46e558b485454d8ea7f813b6d26f6803,fd6fd8ec97f94efabbcc0f957163f3fe,elo calibration,2026-06-23T10:27:27Z,ranked,main,agent,chesscom,chesscom-850,850,1-0,,877.8,887.0,google/gemma-4-31B-it,1.0,chess-mate-conversion-and-driver-fixes/1000_46e558b485454d8ea7f813b6d26f6803_agent.json,,4
a736e53f65d1494ca492532985d60822,fd6fd8ec97f94efabbcc0f957163f3fe,elo calibration,2026-06-23T10:49:13Z,ranked,main,agent,chesscom,chesscom-850,850,1-0,,887.0,895.9,google/gemma-4-31B-it,1.0,chess-mate-conversion-and-driver-fixes/1000_a736e53f65d1494ca492532985d60822_agent.json,,4
4129d2eee72a43e2b2207563c2f46d6b,fd6fd8ec97f94efabbcc0f957163f3fe,elo calibration,2026-06-23T11:03:02Z,ranked,main,agent,chesscom,chesscom-850,850,1-0,,895.9,904.6,google/gemma-4-31B-it,1.0,chess-mate-conversion-and-driver-fixes/1000_4129d2eee72a43e2b2207563c2f46d6b_agent.json,,4
fbd350963e994267bab1e3742ec5e4c2,fd6fd8ec97f94efabbcc0f957163f3fe,elo calibration,2026-06-23T11:13:23Z,ranked,main,agent,chesscom,chesscom-850,850,1-0,,904.6,913.0,google/gemma-4-31B-it,1.0,chess-mate-conversion-and-driver-fixes/1000_fbd350963e994267bab1e3742ec5e4c2_agent.json,,4
3cc18727829b402892eb15aa629247e8,fd6fd8ec97f94efabbcc0f957163f3fe,elo calibration,2026-06-23T11:22:07Z,ranked,main,agent,chesscom,chesscom-850,850,1-0,,913.0,921.2,google/gemma-4-31B-it,1.0,chess-mate-conversion-and-driver-fixes/1000_3cc18727829b402892eb15aa629247e8_agent.json,,4
d71e59ac6a074f589141882342cfab8a,fd6fd8ec97f94efabbcc0f957163f3fe,elo calibration,2026-06-23T11:43:48Z,ranked,main,agent,chesscom,chesscom-850,850,0-1,,921.2,909.2,google/gemma-4-31B-it,1.0,chess-mate-conversion-and-driver-fixes/1000_d71e59ac6a074f589141882342cfab8a_agent.json,,4
3dfcc9c01764490cbc2594ace6d32855,fd6fd8ec97f94efabbcc0f957163f3fe,elo calibration,2026-06-23T11:55:14Z,ranked,main,agent,chesscom,chesscom-850,850,1-0,,909.2,917.5,google/gemma-4-31B-it,1.0,chess-mate-conversion-and-driver-fixes/1000_3dfcc9c01764490cbc2594ace6d32855_agent.json,,4
547bd4a610034131936a0be3608b2e39,fd6fd8ec97f94efabbcc0f957163f3fe,elo calibration,2026-06-23T12:00:58Z,ranked,main,agent,chesscom,chesscom-850,850,0-1,,917.5,905.6,google/gemma-4-31B-it,1.0,chess-mate-conversion-and-driver-fixes/1000_547bd4a610034131936a0be3608b2e39_agent.json,,4
d7f15693fc894d4ea382c83c71f48f55,fd6fd8ec97f94efabbcc0f957163f3fe,elo calibration,2026-06-23T12:14:09Z,ranked,main,agent,chesscom,chesscom-850,850,1-0,,905.6,914.0,google/gemma-4-31B-it,1.0,chess-mate-conversion-and-driver-fixes/1000_d7f15693fc894d4ea382c83c71f48f55_agent.json,,4
9c4b0de9bcf54d88b1011f8074514836,fd6fd8ec97f94efabbcc0f957163f3fe,elo calibration,2026-06-23T12:20:00Z,ranked,main,agent,chesscom,chesscom-850,850,0-1,,914.0,902.2,google/gemma-4-31B-it,1.0,chess-mate-conversion-and-driver-fixes/1000_9c4b0de9bcf54d88b1011f8074514836_agent.json,,4
8f6506151dce4f238cef163badd21152,fd6fd8ec97f94efabbcc0f957163f3fe,elo calibration,2026-06-23T12:30:40Z,ranked,main,agent,chesscom,chesscom-850,850,1-0,,902.2,910.7,google/gemma-4-31B-it,1.0,chess-mate-conversion-and-driver-fixes/1000_8f6506151dce4f238cef163badd21152_agent.json,,4
9093df7cc430411382ec4d4215aa3d4a,fd6fd8ec97f94efabbcc0f957163f3fe,elo calibration,2026-06-23T12:45:04Z,ranked,main,agent,chesscom,chesscom-850,850,1-0,,910.7,919.0,google/gemma-4-31B-it,1.0,chess-mate-conversion-and-driver-fixes/1000_9093df7cc430411382ec4d4215aa3d4a_agent.json,,4
e40c8d1674c04f01aae9879e2baf395a,22aea1f18ba1470fae603fd06b1adb6b,elo cal,2026-06-23T12:55:54Z,ranked,main,agent,chesscom,chesscom-850,850,0-1,,919.0,907.0,google/gemma-4-31B-it,1.0,chess-mate-conversion-and-driver-fixes/1000_e40c8d1674c04f01aae9879e2baf395a_agent.json,,4
3233802098014a5d9d3283778be117a3,22aea1f18ba1470fae603fd06b1adb6b,elo cal,2026-06-23T13:06:56Z,ranked,main,agent,chesscom,chesscom-850,850,1-0,,907.0,915.4,google/gemma-4-31B-it,1.0,chess-mate-conversion-and-driver-fixes/1000_3233802098014a5d9d3283778be117a3_agent.json,,4
88e90f4059094b6482be3bdc49244bec,22aea1f18ba1470fae603fd06b1adb6b,elo cal,2026-06-23T13:19:49Z,ranked,main,agent,chesscom,chesscom-850,850,1-0,,915.4,923.5,google/gemma-4-31B-it,1.0,chess-mate-conversion-and-driver-fixes/1000_88e90f4059094b6482be3bdc49244bec_agent.json,,4
80a0e42c0afa421d929a7399adc32563,22aea1f18ba1470fae603fd06b1adb6b,elo cal,2026-06-23T13:27:35Z,ranked,main,agent,chesscom,chesscom-850,850,0-1,,923.5,911.4,google/gemma-4-31B-it,1.0,chess-mate-conversion-and-driver-fixes/1000_80a0e42c0afa421d929a7399adc32563_agent.json,,4
541a090850d34a29817fce076a3de607,22aea1f18ba1470fae603fd06b1adb6b,elo cal,2026-06-23T13:38:12Z,ranked,main,agent,chesscom,chesscom-850,850,1-0,,911.4,919.7,google/gemma-4-31B-it,1.0,chess-mate-conversion-and-driver-fixes/1000_541a090850d34a29817fce076a3de607_agent.json,,4
877c796ecd0640fc885ed3a5b373afb7,22aea1f18ba1470fae603fd06b1adb6b,elo cal,2026-06-23T13:47:13Z,ranked,main,agent,chesscom,chesscom-850,850,1-0,,919.7,927.7,google/gemma-4-31B-it,1.0,chess-mate-conversion-and-driver-fixes/1000_877c796ecd0640fc885ed3a5b373afb7_agent.json,,4
a557302d58184349adc81bf7685575d2,22aea1f18ba1470fae603fd06b1adb6b,elo cal,2026-06-23T14:15:24Z,ranked,main,agent,chesscom,chesscom-1000,1000,1-0,,927.7,939.8,google/gemma-4-31B-it,1.0,chess-mate-conversion-and-driver-fixes/1000_a557302d58184349adc81bf7685575d2_agent.json,,4
7a7fb0d8a1784ca48dc10796f653d816,339eca2512274811b964b1c815f26787,elo cal,2026-06-23T14:38:18Z,ranked,main,agent,chesscom,chesscom-1000,1000,1-0,,939.8,951.5,google/gemma-4-31B-it,1.0,chess-mate-conversion-and-driver-fixes/1000_7a7fb0d8a1784ca48dc10796f653d816_agent.json,,4
1d546705728143baae828965e0f91d8a,339eca2512274811b964b1c815f26787,elo cal,2026-06-23T14:51:51Z,ranked,main,agent,chesscom,chesscom-1000,1000,0-1,,951.5,942.9,google/gemma-4-31B-it,1.0,chess-mate-conversion-and-driver-fixes/1000_1d546705728143baae828965e0f91d8a_agent.json,,4
23f1eaf17bc042069c3ea01e9a14e157,339eca2512274811b964b1c815f26787,elo cal,2026-06-23T15:04:58Z,ranked,main,agent,chesscom,chesscom-1000,1000,1-0,,942.9,954.5,google/gemma-4-31B-it,1.0,chess-mate-conversion-and-driver-fixes/1000_23f1eaf17bc042069c3ea01e9a14e157_agent.json,,4
70a04c813e33481f82213c524672f79a,339eca2512274811b964b1c815f26787,elo cal,2026-06-23T15:17:24Z,ranked,main,agent,chesscom,chesscom-1000,1000,1-0,,954.5,965.8,google/gemma-4-31B-it,1.0,chess-mate-conversion-and-driver-fixes/1000_70a04c813e33481f82213c524672f79a_agent.json,,4
7287aed75582411c8a17f15419f35d9e,339eca2512274811b964b1c815f26787,elo cal,2026-06-23T15:33:52Z,ranked,main,agent,chesscom,chesscom-1000,1000,1-0,,965.8,976.8,google/gemma-4-31B-it,1.0,chess-mate-conversion-and-driver-fixes/1000_7287aed75582411c8a17f15419f35d9e_agent.json,,4
f501d94d12724b6aa43a45b5c2754829,339eca2512274811b964b1c815f26787,elo cal,2026-06-23T15:45:53Z,ranked,main,agent,chesscom,chesscom-1000,1000,0-1,,976.8,967.4,google/gemma-4-31B-it,1.0,chess-mate-conversion-and-driver-fixes/1000_f501d94d12724b6aa43a45b5c2754829_agent.json,,4
21a80e66a3f841069c10fe6e024bdf01,339eca2512274811b964b1c815f26787,elo cal,2026-06-23T16:07:20Z,ranked,main,agent,chesscom,chesscom-1000,1000,1/2-1/2,,967.4,968.4,google/gemma-4-31B-it,1.0,chess-mate-conversion-and-driver-fixes/1000_21a80e66a3f841069c10fe6e024bdf01_agent.json,,4
c36cb96f60b247ebafc04587614f1a1e,4410eb257b10476f9ba48ab4c9786ede,post-PR5 ranked calibration (fix-loop iters 1-5),2026-07-03T14:49:00Z,ranked,main,agent,chesscom,chesscom-1000,1000,1-0,,968.4,979.3,google/gemma-4-31B-it,1.0,line-proof-audit/1000_c36cb96f60b247ebafc04587614f1a1e_agent.json,,5
c973e05c02e5402fa389b449a3f3e122,4410eb257b10476f9ba48ab4c9786ede,post-PR5 ranked calibration (fix-loop iters 1-5),2026-07-03T15:11:03Z,ranked,main,agent,chesscom,chesscom-1000,1000,1-0,,979.3,989.9,google/gemma-4-31B-it,1.0,line-proof-audit/1000_c973e05c02e5402fa389b449a3f3e122_agent.json,,5
29ab2127ba9e483196ed0ab118fcabe6,4410eb257b10476f9ba48ab4c9786ede,post-PR5 ranked calibration (fix-loop iters 1-5),2026-07-03T15:27:55Z,ranked,main,agent,chesscom,chesscom-1000,1000,1-0,,989.9,1000.2,google/gemma-4-31B-it,1.0,line-proof-audit/1000_29ab2127ba9e483196ed0ab118fcabe6_agent.json,,5
7f5c1998297248a3a4bc3e0e9d776731,4410eb257b10476f9ba48ab4c9786ede,post-PR5 ranked calibration (fix-loop iters 1-5),2026-07-03T15:43:10Z,ranked,main,agent,chesscom,chesscom-1000,1000,1-0,,1000.2,1010.2,google/gemma-4-31B-it,1.0,line-proof-audit/1000_7f5c1998297248a3a4bc3e0e9d776731_agent.json,,5
0b0455e4ef764309add38f604912fe9e,4410eb257b10476f9ba48ab4c9786ede,post-PR5 ranked calibration (fix-loop iters 1-5),2026-07-03T15:58:26Z,ranked,main,agent,chesscom,chesscom-1000,1000,1-0,,1010.2,1019.9,google/gemma-4-31B-it,1.0,line-proof-audit/1000_0b0455e4ef764309add38f604912fe9e_agent.json,,5
f2612c658f4c4385b88a260a0b56e0cb,4410eb257b10476f9ba48ab4c9786ede,post-PR5 ranked calibration (fix-loop iters 1-5),2026-07-03T16:08:41Z,ranked,main,agent,chesscom,chesscom-1000,1000,1-0,,1019.9,1029.3,google/gemma-4-31B-it,1.0,line-proof-audit/1000_f2612c658f4c4385b88a260a0b56e0cb_agent.json,,5
3645dee85f17475a923a56010e86d65c,4410eb257b10476f9ba48ab4c9786ede,post-PR5 ranked calibration (fix-loop iters 1-5),2026-07-03T16:25:01Z,ranked,main,agent,chesscom,chesscom-1000,1000,1-0,,1029.3,1038.5,google/gemma-4-31B-it,1.0,line-proof-audit/1000_3645dee85f17475a923a56010e86d65c_agent.json,,5
5f88a0209a004200a4f41e721efd930b,4410eb257b10476f9ba48ab4c9786ede,post-PR5 ranked calibration (fix-loop iters 1-5),2026-07-03T16:41:40Z,ranked,main,agent,chesscom,chesscom-1000,1000,1-0,,1038.5,1047.4,google/gemma-4-31B-it,1.0,line-proof-audit/1000_5f88a0209a004200a4f41e721efd930b_agent.json,,5
a2946d23688045499f75e0e0245175d5,4410eb257b10476f9ba48ab4c9786ede,post-PR5 ranked calibration (fix-loop iters 1-5),2026-07-03T16:56:38Z,ranked,main,agent,chesscom,chesscom-1000,1000,1-0,,1047.4,1056.0,google/gemma-4-31B-it,1.0,line-proof-audit/1000_a2946d23688045499f75e0e0245175d5_agent.json,,5
3d9d6467eaa444e8ab23d9c9b0b44f1f,4410eb257b10476f9ba48ab4c9786ede,post-PR5 ranked calibration (fix-loop iters 1-5),2026-07-03T17:05:25Z,ranked,main,agent,chesscom,chesscom-1100,1100,1-0,,1056.0,1067.3,google/gemma-4-31B-it,1.0,line-proof-audit/1000_3d9d6467eaa444e8ab23d9c9b0b44f1f_agent.json,,5
dc2b0f9f3e604b689ae4e546368bb651,4410eb257b10476f9ba48ab4c9786ede,post-PR5 ranked calibration (fix-loop iters 1-5),2026-07-03T17:23:44Z,ranked,main,agent,chesscom,chesscom-1100,1100,1-0,,1067.3,1078.2,google/gemma-4-31B-it,1.0,line-proof-audit/1000_dc2b0f9f3e604b689ae4e546368bb651_agent.json,,5
33f66de7764d47a9befeb0b3f1ead5cd,4410eb257b10476f9ba48ab4c9786ede,post-PR5 ranked calibration (fix-loop iters 1-5),2026-07-03T17:32:24Z,ranked,main,agent,chesscom,chesscom-1100,1100,1-0,,1078.2,1088.8,google/gemma-4-31B-it,1.0,line-proof-audit/1000_33f66de7764d47a9befeb0b3f1ead5cd_agent.json,,5
4a856a8423084b3bae3348c44184a642,4410eb257b10476f9ba48ab4c9786ede,post-PR5 ranked calibration (fix-loop iters 1-5),2026-07-03T17:43:03Z,ranked,main,agent,chesscom,chesscom-1100,1100,1-0,,1088.8,1099.2,google/gemma-4-31B-it,1.0,line-proof-audit/1000_4a856a8423084b3bae3348c44184a642_agent.json,,5
14d82edd93324813b4083a0aac0ab980,4410eb257b10476f9ba48ab4c9786ede,post-PR5 ranked calibration (fix-loop iters 1-5),2026-07-03T18:09:48Z,ranked,main,agent,chesscom,chesscom-1100,1100,1-0,,1099.2,1109.2,google/gemma-4-31B-it,1.0,line-proof-audit/1000_14d82edd93324813b4083a0aac0ab980_agent.json,,5
3c700185df13480aa0ca2b36c5c9d917,4410eb257b10476f9ba48ab4c9786ede,post-PR5 ranked calibration (fix-loop iters 1-5),2026-07-03T18:21:08Z,ranked,main,agent,chesscom,chesscom-1100,1100,1-0,,1109.2,1118.9,google/gemma-4-31B-it,1.0,line-proof-audit/1000_3c700185df13480aa0ca2b36c5c9d917_agent.json,,5
4d57d3d8e9464b94ae0d0cd2bf2f7ae1,4410eb257b10476f9ba48ab4c9786ede,post-PR5 ranked calibration (fix-loop iters 1-5),2026-07-03T18:44:47Z,ranked,main,agent,chesscom,chesscom-1100,1100,1-0,,1118.9,1128.4,google/gemma-4-31B-it,1.0,line-proof-audit/1000_4d57d3d8e9464b94ae0d0cd2bf2f7ae1_agent.json,,5
3efa64f20e9c4cf09fa3de0b96c7fafa,4410eb257b10476f9ba48ab4c9786ede,post-PR5 ranked calibration (fix-loop iters 1-5),2026-07-03T19:02:47Z,ranked,main,agent,chesscom,chesscom-1100,1100,1-0,,1128.4,1137.6,google/gemma-4-31B-it,1.0,line-proof-audit/1000_3efa64f20e9c4cf09fa3de0b96c7fafa_agent.json,,5
41c61f3d92414c1ea8fad37d786c9402,4410eb257b10476f9ba48ab4c9786ede,post-PR5 ranked calibration (fix-loop iters 1-5),2026-07-03T19:09:22Z,ranked,main,agent,chesscom,chesscom-1100,1100,1-0,,1137.6,1146.5,google/gemma-4-31B-it,1.0,line-proof-audit/1000_41c61f3d92414c1ea8fad37d786c9402_agent.json,,5
73b05735abbb4c2488042e575193e508,4410eb257b10476f9ba48ab4c9786ede,post-PR5 ranked calibration (fix-loop iters 1-5),2026-07-03T19:16:33Z,ranked,main,agent,chesscom,chesscom-1100,1100,1-0,,1146.5,1155.2,google/gemma-4-31B-it,1.0,line-proof-audit/1000_73b05735abbb4c2488042e575193e508_agent.json,,5
6cfae3b056ae42b586aeee5fec635c50,4410eb257b10476f9ba48ab4c9786ede,post-PR5 ranked calibration (fix-loop iters 1-5),2026-07-03T19:34:37Z,ranked,main,agent,chesscom,chesscom-1200,1200,1-0,,1155.2,1166.4,google/gemma-4-31B-it,1.0,line-proof-audit/1000_6cfae3b056ae42b586aeee5fec635c50_agent.json,,5
6be6be4479134ce4b7e3a79caa5f1052,4410eb257b10476f9ba48ab4c9786ede,post-PR5 ranked calibration (fix-loop iters 1-5),2026-07-03T19:49:55Z,ranked,main,agent,chesscom,chesscom-1200,1200,1-0,,1166.4,1177.4,google/gemma-4-31B-it,1.0,line-proof-audit/1000_6be6be4479134ce4b7e3a79caa5f1052_agent.json,,5
78e84142ca564993a7f602e49266e639,4410eb257b10476f9ba48ab4c9786ede,post-PR5 ranked calibration (fix-loop iters 1-5),2026-07-03T20:08:58Z,ranked,main,agent,chesscom,chesscom-1200,1200,1-0,,1177.4,1188.0,google/gemma-4-31B-it,1.0,line-proof-audit/1000_78e84142ca564993a7f602e49266e639_agent.json,,5
7cbdf7fcf1fc4145abdcecbe2226f855,4410eb257b10476f9ba48ab4c9786ede,post-PR5 ranked calibration (fix-loop iters 1-5),2026-07-03T20:19:34Z,ranked,main,agent,chesscom,chesscom-1200,1200,1-0,,1188.0,1198.4,google/gemma-4-31B-it,1.0,line-proof-audit/1000_7cbdf7fcf1fc4145abdcecbe2226f855_agent.json,,5
9ef5b4965e6a41a8b8d528b6d16494d6,4410eb257b10476f9ba48ab4c9786ede,post-PR5 ranked calibration (fix-loop iters 1-5),2026-07-03T20:28:23Z,ranked,main,agent,chesscom,chesscom-1200,1200,0-1,,1198.4,1188.4,google/gemma-4-31B-it,1.0,line-proof-audit/1000_9ef5b4965e6a41a8b8d528b6d16494d6_agent.json,,5
73685c11d1dc47bc94fe4b9093d570eb,4410eb257b10476f9ba48ab4c9786ede,post-PR5 ranked calibration (fix-loop iters 1-5),2026-07-03T20:46:07Z,ranked,main,agent,chesscom,chesscom-1200,1200,1-0,,1188.4,1198.8,google/gemma-4-31B-it,1.0,line-proof-audit/1000_73685c11d1dc47bc94fe4b9093d570eb_agent.json,,5
633c82d162aa4f83aa82c7089e51390d,4410eb257b10476f9ba48ab4c9786ede,post-PR5 ranked calibration (fix-loop iters 1-5),2026-07-03T21:02:57Z,ranked,main,agent,chesscom,chesscom-1200,1200,1-0,,1198.8,1208.8,google/gemma-4-31B-it,1.0,line-proof-audit/1000_633c82d162aa4f83aa82c7089e51390d_agent.json,,5
8d8ac6b5832442a2856b8824bf0783ea,4410eb257b10476f9ba48ab4c9786ede,post-PR5 ranked calibration (fix-loop iters 1-5),2026-07-03T21:21:26Z,ranked,main,agent,chesscom,chesscom-1200,1200,1-0,,1208.8,1218.6,google/gemma-4-31B-it,1.0,line-proof-audit/1000_8d8ac6b5832442a2856b8824bf0783ea_agent.json,,5
d4aff6a484764e118b9737c14388814d,4410eb257b10476f9ba48ab4c9786ede,post-PR5 ranked calibration (fix-loop iters 1-5),2026-07-03T21:39:52Z,ranked,main,agent,chesscom,chesscom-1200,1200,1-0,,1218.6,1228.0,google/gemma-4-31B-it,1.0,line-proof-audit/1000_d4aff6a484764e118b9737c14388814d_agent.json,,5
933fc40f46aa486e999dc8c66fd71e29,4410eb257b10476f9ba48ab4c9786ede,post-PR5 ranked calibration (fix-loop iters 1-5),2026-07-03T21:55:08Z,ranked,main,agent,chesscom,chesscom-1200,1200,1-0,,1228.0,1237.2,google/gemma-4-31B-it,1.0,line-proof-audit/1000_933fc40f46aa486e999dc8c66fd71e29_agent.json,,5
5acc1740ea3048009e60a26caeac84bc,4410eb257b10476f9ba48ab4c9786ede,post-PR5 ranked calibration (fix-loop iters 1-5),2026-07-03T22:12:45Z,ranked,main,agent,chesscom,chesscom-1200,1200,1-0,,1237.2,1246.1,google/gemma-4-31B-it,1.0,line-proof-audit/1000_5acc1740ea3048009e60a26caeac84bc_agent.json,,5
c43ff7f151e047d6a5e99c0df51c6896,7b98f710767e48d19859c06eefef6e63,elo calibration,2026-07-03T23:05:37Z,ranked,main,agent,chesscom,chesscom-1200,1200,0-1,,1246.1,1234.8,google/gemma-4-31B-it,1.0,line-proof-audit/1000_c43ff7f151e047d6a5e99c0df51c6896_agent.json,,5
5b3395547cfa4f64b62e0c48ccf4f423,7b98f710767e48d19859c06eefef6e63,elo calibration,2026-07-03T23:29:23Z,ranked,main,agent,chesscom,chesscom-1200,1200,0-1,,1234.8,1223.8,google/gemma-4-31B-it,1.0,line-proof-audit/1000_5b3395547cfa4f64b62e0c48ccf4f423_agent.json,,5
d232b9428a44460c810f5f52d1275789,7b98f710767e48d19859c06eefef6e63,elo calibration,2026-07-03T23:39:24Z,ranked,main,agent,chesscom,chesscom-1200,1200,0-1,,1223.8,1213.1,google/gemma-4-31B-it,1.0,line-proof-audit/1000_d232b9428a44460c810f5f52d1275789_agent.json,,5
68be733c81674e60a237b002b4708c89,7b98f710767e48d19859c06eefef6e63,elo calibration,2026-07-03T23:59:21Z,ranked,main,agent,chesscom,chesscom-1200,1200,1/2-1/2,,1213.1,1212.8,google/gemma-4-31B-it,1.0,line-proof-audit/1000_68be733c81674e60a237b002b4708c89_agent.json,,5
1921e0b3464442b6a8997c2805064544,7b98f710767e48d19859c06eefef6e63,elo calibration,2026-07-04T00:16:59Z,ranked,main,agent,chesscom,chesscom-1200,1200,1-0,,1212.8,1222.4,google/gemma-4-31B-it,1.0,line-proof-audit/1000_1921e0b3464442b6a8997c2805064544_agent.json,,5
396ceeeced3c46fa9b7588ed60745e80,7b98f710767e48d19859c06eefef6e63,elo calibration,2026-07-04T00:19:35Z,ranked,main,agent,chesscom,chesscom-1200,1200,,"context_overflow: requested 63489 input tokens, model limit 65536.",1222.4,1222.4,google/gemma-4-31B-it,1.0,line-proof-audit/1000_396ceeeced3c46fa9b7588ed60745e80_agent.json,,5
7516a9d895ef4c0cabf943c6c95a7554,7b98f710767e48d19859c06eefef6e63,elo calibration,2026-07-04T10:46:10Z,ranked,main,agent,chesscom,chesscom-1200,1200,1-0,,1222.4,1231.8,google/gemma-4-31B-it,1.0,line-proof-audit/1000_7516a9d895ef4c0cabf943c6c95a7554_agent.json,,5
205773139e144d9597e66f310375c038,7b98f710767e48d19859c06eefef6e63,elo calibration,2026-07-04T11:02:16Z,ranked,main,agent,chesscom,chesscom-1200,1200,1-0,,1231.8,1240.8,google/gemma-4-31B-it,1.0,line-proof-audit/1000_205773139e144d9597e66f310375c038_agent.json,,5
f44f5623f6f949b0a2ccb0cef7b40a30,7b98f710767e48d19859c06eefef6e63,elo calibration,2026-07-04T11:17:12Z,ranked,main,agent,chesscom,chesscom-1200,1200,1-0,,1240.8,1249.7,google/gemma-4-31B-it,1.0,line-proof-audit/1000_f44f5623f6f949b0a2ccb0cef7b40a30_agent.json,,5
12ce23fd2ed643e39b9ab7283155dc61,7b98f710767e48d19859c06eefef6e63,elo calibration,2026-07-04T11:28:10Z,ranked,main,agent,chesscom,chesscom-1200,1200,1-0,,1249.7,1258.3,google/gemma-4-31B-it,1.0,line-proof-audit/1000_12ce23fd2ed643e39b9ab7283155dc61_agent.json,,5
e493b08baad54ed3847dd9e4ec513fb2,7b98f710767e48d19859c06eefef6e63,elo calibration,2026-07-04T11:45:38Z,ranked,main,agent,chesscom,chesscom-1300,1300,1-0,,1258.3,1269.4,google/gemma-4-31B-it,1.0,line-proof-audit/1000_e493b08baad54ed3847dd9e4ec513fb2_agent.json,,5
1ca3c5e13c2f456bbfaf4972142b2caa,7b98f710767e48d19859c06eefef6e63,elo calibration,2026-07-04T11:57:29Z,ranked,main,agent,chesscom,chesscom-1300,1300,1-0,,1269.4,1280.3,google/gemma-4-31B-it,1.0,line-proof-audit/1000_1ca3c5e13c2f456bbfaf4972142b2caa_agent.json,,5
3c1f6662956c409b9e789c1160a0873e,7b98f710767e48d19859c06eefef6e63,elo calibration,2026-07-04T12:14:19Z,ranked,main,agent,chesscom,chesscom-1300,1300,1-0,,1280.3,1290.9,google/gemma-4-31B-it,1.0,line-proof-audit/1000_3c1f6662956c409b9e789c1160a0873e_agent.json,,5
7c6c30e3c2f049e6aeac61d5147e399d,7b98f710767e48d19859c06eefef6e63,elo calibration,2026-07-04T12:37:15Z,ranked,main,agent,chesscom,chesscom-1300,1300,1-0,,1290.9,1301.2,google/gemma-4-31B-it,1.0,line-proof-audit/1000_7c6c30e3c2f049e6aeac61d5147e399d_agent.json,,5
ab4dce25b8e641abb7fc8b2247b3f894,7b98f710767e48d19859c06eefef6e63,elo calibration,2026-07-04T13:17:57Z,ranked,main,agent,chesscom,chesscom-1300,1300,1-0,,1301.2,1311.1,google/gemma-4-31B-it,1.0,line-proof-audit/1000_ab4dce25b8e641abb7fc8b2247b3f894_agent.json,,5
27419c45e04e41c2be295a2e6f85e7cc,6cbd114e927b452883dbc059f9759eb0,elo cal,2026-07-04T15:27:33Z,ranked,main,agent,chesscom,chesscom-1300,1300,0-1,,1311.1,1300.8,google/gemma-4-31B-it,1.0,line-proof-audit/1000_27419c45e04e41c2be295a2e6f85e7cc_agent.json,,5
dde04db549b34b44a1967c71df320c80,6cbd114e927b452883dbc059f9759eb0,elo cal,2026-07-04T15:44:20Z,ranked,main,agent,chesscom,chesscom-1300,1300,1-0,,1300.8,1310.8,google/gemma-4-31B-it,1.0,line-proof-audit/1000_dde04db549b34b44a1967c71df320c80_agent.json,,5
5bdb7e5e47e148a795feb75e23c6e814,6cbd114e927b452883dbc059f9759eb0,elo cal,2026-07-04T15:56:00Z,ranked,main,agent,chesscom,chesscom-1300,1300,1-0,,1310.8,1320.5,google/gemma-4-31B-it,1.0,line-proof-audit/1000_5bdb7e5e47e148a795feb75e23c6e814_agent.json,,5
d2e4a51b6b23426ea564c20a7c4dcb0b,6cbd114e927b452883dbc059f9759eb0,elo cal,2026-07-04T16:12:05Z,ranked,main,agent,chesscom,chesscom-1300,1300,1-0,,1320.5,1329.9,google/gemma-4-31B-it,1.0,line-proof-audit/1000_d2e4a51b6b23426ea564c20a7c4dcb0b_agent.json,,5
9a438042135a499ba905fa8ab7bc6d4e,6cbd114e927b452883dbc059f9759eb0,elo cal,2026-07-04T16:26:22Z,ranked,main,agent,chesscom,chesscom-1300,1300,1-0,,1329.9,1339.0,google/gemma-4-31B-it,1.0,line-proof-audit/1000_9a438042135a499ba905fa8ab7bc6d4e_agent.json,,5
d94c08e380454747b8e3ec4a3dd75ec6,6cbd114e927b452883dbc059f9759eb0,elo cal,2026-07-04T16:39:56Z,ranked,main,agent,chesscom,chesscom-1300,1300,1-0,,1339.0,1347.9,google/gemma-4-31B-it,1.0,line-proof-audit/1000_d94c08e380454747b8e3ec4a3dd75ec6_agent.json,,5
e123466b66d7409c94ad1c1673828095,6cbd114e927b452883dbc059f9759eb0,elo cal,2026-07-04T16:53:19Z,ranked,main,agent,chesscom,chesscom-1300,1300,0-1,,1347.9,1336.5,google/gemma-4-31B-it,1.0,line-proof-audit/1000_e123466b66d7409c94ad1c1673828095_agent.json,,5
8160c542394f4ca38db5baa4765770d4,6cbd114e927b452883dbc059f9759eb0,elo cal,2026-07-04T17:05:36Z,ranked,main,agent,chesscom,chesscom-1300,1300,1-0,,1336.5,1345.5,google/gemma-4-31B-it,1.0,line-proof-audit/1000_8160c542394f4ca38db5baa4765770d4_agent.json,,5
482222abe30c41bbbf9fd913eb2ebddc,6cbd114e927b452883dbc059f9759eb0,elo cal,2026-07-04T17:34:33Z,ranked,main,agent,chesscom,chesscom-1300,1300,1-0,,1345.5,1354.2,google/gemma-4-31B-it,1.0,line-proof-audit/1000_482222abe30c41bbbf9fd913eb2ebddc_agent.json,,5
a6d70eaf226b4648bbfb9766b08c89c2,6cbd114e927b452883dbc059f9759eb0,elo cal,2026-07-04T17:44:45Z,ranked,main,agent,chesscom,chesscom-1400,1400,,Game ended before the bot moved: result=1/2-1/2,1354.2,1354.2,google/gemma-4-31B-it,1.0,line-proof-audit/1000_a6d70eaf226b4648bbfb9766b08c89c2_agent.json,,5
5fcac78b987040249496270083575f7e,6cbd114e927b452883dbc059f9759eb0,elo cal,2026-07-04T19:54:16Z,ranked,main,agent,chesscom,chesscom-1400,1400,1/2-1/2,,1354.2,1355.5,google/gemma-4-31B-it,1.0,line-proof-audit/1000_5fcac78b987040249496270083575f7e_agent.json,,5
effb1d0d11c84f34a2df49b2ee23995b,6cbd114e927b452883dbc059f9759eb0,elo cal,2026-07-04T20:14:14Z,ranked,main,agent,chesscom,chesscom-1400,1400,1/2-1/2,,1355.5,1356.8,google/gemma-4-31B-it,1.0,line-proof-audit/1000_effb1d0d11c84f34a2df49b2ee23995b_agent.json,,5
d5bb5d77d5bb4f78a3c6b2c88d1c3806,6cbd114e927b452883dbc059f9759eb0,elo cal,2026-07-04T20:30:32Z,ranked,main,agent,chesscom,chesscom-1400,1400,0-1,,1356.8,1348.0,google/gemma-4-31B-it,1.0,line-proof-audit/1000_d5bb5d77d5bb4f78a3c6b2c88d1c3806_agent.json,,5
9692fbe7158f4af4b265f6e6346362cf,6cbd114e927b452883dbc059f9759eb0,elo cal,2026-07-04T20:52:41Z,ranked,main,agent,chesscom,chesscom-1300,1300,1-0,,1348.0,1356.6,google/gemma-4-31B-it,1.0,line-proof-audit/1000_9692fbe7158f4af4b265f6e6346362cf_agent.json,,5
ec56af1583fe4005a5bbb04500c7cb5a,6cbd114e927b452883dbc059f9759eb0,elo cal,2026-07-04T21:02:01Z,ranked,main,agent,chesscom,chesscom-1400,1400,0-1,,1356.6,1347.9,google/gemma-4-31B-it,1.0,line-proof-audit/1000_ec56af1583fe4005a5bbb04500c7cb5a_agent.json,,5
